_unit_id,_golden,_unit_state,_trusted_judgments,_last_judgment_at,ask_question_here,ask_question_here:confidence,can_you_understand_the_text_through_these_key_words_and_emoticon,can_you_understand_the_text_through_these_key_words_and_emoticon:confidence,does_the_data_is_clean,does_the_data_is_clean:variance,only_one_emotion_expressed_in_these_key_word_right,only_one_emotion_expressed_in_these_key_word_right:confidence,please_choose_an_emotion_expressed_by_the_following_key_words,please_choose_an_emotion_expressed_by_the_following_key_words:confidence,angry,read_the_key_word_and_emoticon_to_identify_the_emotion_of_the_user_:confidence,can_you_understand_the_text_through_these_key_words_and_emoticon_gold,does_the_data_is_clean_gold,key_word_1,key_word_10,key_word_11,key_word_12,key_word_13,key_word_14,key_word_15,key_word_16,key_word_17,key_word_18,key_word_2,key_word_3,key_word_4,key_word_5,key_word_6,key_word_7,key_word_8,key_word_9,numbei,only_one_emotion_expressed_in_these_key_word_right_gold,read_the_key_word_and_emoticon_to_identify_the_emotion_of_the_user__gold
2691254133,FALSE,finalized,3,3/18/2020 02:46:48,,,yes,0.5235,1.67,1.7,yes,1,2,1,angry,1,,,sucker,like,hell,doe,n't,get,up.\u2026,,,,punch,greatest,boxer,world,knock,down.\n\nbut,better,hope,0,,
2691254134,FALSE,finalized,3,3/18/2020 03:50:45,,,yes,1,1,0.816,yes,1,1,1,angry,0.5267,,,stop,,,,,,,,,,lying,world.\,\n\,china,lie,,,,1,,
2691254135,FALSE,finalized,3,3/18/2020 03:21:01,,,yes,0.6904,2.67,1.247,yes,0.6904,,,angry,0.3492,,,spoke,last,week,send\u2026,,,,,,,tunisian,prime,minister,today,express,outrage,terrorist,attack,2,,
2691254136,FALSE,finalized,3,3/18/2020 02:27:26,,,yes,1,1.67,1.247,yes,1,1,1,angry,1,,,call,\n\n-,free,testing\u2026,,,,,,,representative,today,demand,pas,familiesfirst,coronavirus,bill,contains,3,,
2691254137,FALSE,finalized,3,3/18/2020 02:53:47,,,no,0.5341,1.67,1.247,no,1,2,1,angry,0.5341,,,dumb,,,,,,,,,,realized,today,friday,13th\ud83e\udd26\ud83c\udffe\u200d\u2640\ufe0f,i\u2019m,damn,tired,goodnight\ud83d\ude2d\ud83d\udc80,4,,
2691254138,FALSE,finalized,3,3/18/2020 04:17:37,,,yes,1,2,0.816,yes,1,,,angry,0.7004,,,shit,,,,,,,,,,got,tat,today,,,,,,5,,
2691254139,FALSE,finalized,3,3/18/2020 02:27:26,,,yes,1,1,1.414,yes,1,4,1,angry,1,,,call,\n\n-,free,testing\u2026,,,,,,,representative,today,demand,pas,familiesfirst,coronavirus,bill,contains,6,,
2691254140,FALSE,finalized,3,3/18/2020 03:17:08,,,yes,1,1,0.816,yes,1,2,1,angry,1,,,cry,\n\n,kahaanhumka\u2026,,,,,,,,\nbecause,real,battle,begin,today,\n\nwho,fight,season,7,,
2691254141,FALSE,finalized,3,3/18/2020 03:50:45,,,yes,1,3,1.414,yes,1,,,angry,0.6436,,,call,\n\n-,free,testing\u2026,,,,,,,representative,today,demand,pas,familiesfirst,coronavirus,bill,contains,8,,
2691254142,FALSE,finalized,3,3/18/2020 02:46:48,,,yes,1,1.33,1.247,yes,1,1,1,angry,0.5235,,,dude,,,,,,,,,,look,like,scabbers,harry,potter,,,,9,,
2691254143,FALSE,finalized,3,3/18/2020 03:54:02,,,yes,0.6909,1.33,0.471,yes,1,,,angry,1,,,fuck,,,,,,,,,,gon,grab,today,said,nah,,,,10,,
2691254144,FALSE,finalized,3,3/18/2020 02:20:25,,,yes,1,1,1.414,yes,1,4,1,excitement,1,,,call,\n\n-,free,testing\u2026,,,,,,,representative,today,demand,pas,familiesfirst,coronavirus,bill,contains,11,,
2691254145,FALSE,finalized,3,3/18/2020 02:53:47,,,no,0.7668,1.67,0.943,yes,0.6552,,,excitement,0.422,,,gon,hate,y\u2019all,,,,,,,,vote,incoherent,man,run,...,another,incoherent,man,12,,
2691254146,FALSE,finalized,3,3/18/2020 02:18:37,,,yes,1,1.67,1.247,yes,1,,,excitement,0.7183,,,call,\n\n-,free,testing\u2026,,,,,,,representative,today,demand,pas,familiesfirst,coronavirus,bill,contains,13,,
2691254147,FALSE,finalized,3,3/18/2020 04:17:37,,,yes,1,2,0,yes,1,,,excitement,0.7004,,,muzlim,,,,,,,,,,pilgrim,brought,back,govt,accused,unfair,muzlims,,14,,
2691254148,FALSE,finalized,3,3/18/2020 02:53:47,,,yes,0.578,2.67,0.471,no,0.578,,,excitement,0.578,,,sucker,like,hell,doe,n't,get,up.\u2026,,,,punch,greatest,boxer,world,knock,down.\n\nbut,better,hope,15,,
2691254149,FALSE,finalized,3,3/18/2020 02:46:15,,,yes,1,2.67,1.247,yes,1,,,excitement,0.3513,,,ridiculous,,,,,,,,,,chump,news,conference,today,,,,,16,,
2691254150,FALSE,finalized,3,3/18/2020 01:50:29,,,,,0,0,,,5,0.3914,excitement,,,,call,\n\n-,free,testing\u2026,,,,,,,representative,today,demand,pas,familiesfirst,coronavirus,bill,contains,17,,
2691254151,FALSE,finalized,3,3/18/2020 02:00:32,,,,,0,0,,,1,0.5596,excitement,1,,,call,\n\n-,free,testing\u2026,,,,,,,representative,today,demand,pas,familiesfirst,coronavirus,bill,contains,18,,
2691254152,FALSE,finalized,3,3/18/2020 03:54:02,,,yes,1,0.67,0.943,yes,1,4,0.6522,excitement,1,,,call,\n\n-,free,testing\u2026,,,,,,,representative,today,demand,pas,familiesfirst,coronavirus,bill,contains,19,,
2691254153,FALSE,finalized,3,3/18/2020 02:49:37,,,yes,0.7018,2.33,0.471,yes,0.7018,,,excitement,0.3884,,,inspiration,,,,,,,,,,time,india,included,today,edition,,,,0,,
2691254154,FALSE,finalized,3,3/18/2020 03:17:46,,,yes,1,3.33,0.471,yes,1,,,fear,0.3488,,,also,,,,,,,,,,quit,board,hathaway,today,think,minute,speech,,1,,
2691254155,FALSE,finalized,3,3/18/2020 03:46:35,,,yes,0.5191,1,0.816,yes,1,3,1,fear,0.5191,,,death,equipme\u2026,,,,,,,,,represents,worry,colleague,still,equipped,adequate,personal,protective,2,,
2691254156,FALSE,finalized,3,3/18/2020 03:17:08,,,no,0.5016,1.33,0.943,no,0.5016,1,1,fear,1,,,haven\u2019t,thru,staed,today,,,,,,,heard,anything,either,whether,saw,lot,patient,come,3,,
2691254157,FALSE,finalized,3,3/18/2020 04:17:37,,,yes,1,2.67,0.471,yes,0.7004,,,fear,0.7004,,,may,biden,movement,vow,vote,joe,\u2026,,,,bernie,opened,five,new,office,pennsylvania,today.\n\na,'never,4,,
2691254158,FALSE,finalized,3,3/18/2020 03:21:12,,,yes,0.6742,2,0.816,yes,1,,,fear,0.3731,,,luck,,,,,,,,,,rng,today,complete,shit,lmao,,,,5,,
2691254159,FALSE,finalized,3,3/18/2020 03:17:08,,,yes,1,2,1.414,yes,1,3,1,fear,0.5016,,,saw,,,,,,,,,,snow,fall,first,time,today,\ud83e\udd7a,,,6,,
2691254160,FALSE,finalized,3,3/18/2020 02:47:34,,,yes,1,1.67,1.247,yes,1,3,1,fear,0.5534,,,breaking,sydney,hobart,\/\/t.co\/t8gnrd4\u2026,,,,,,,cancelled,odi,series,going,home,today,game,tomorrow,7,,
2691254161,FALSE,finalized,3,3/18/2020 03:54:02,,,yes,1,1.33,1.886,no,1,4,1,fear,1,,,met,met,talented,an\u2026,,,,,,,ailee,today,theatre,solaire,singing,legend,amazing,opportunity,8,,
2691254162,FALSE,finalized,3,3/18/2020 03:20:00,,,yes,1,3.67,0.471,yes,1,,,fear,0.6108,,,five,,,,,,,,,,treefort202artists,released,album,today,made,excited,september,,9,,
2691254163,FALSE,finalized,3,3/18/2020 02:48:10,,,no,1,1.67,1.247,yes,1,3,1,fear,0.582,,,finally,warship,nintendoswitch,\/\/t.co\/hxxkhjpqud,,,,,,,getting,back,grandia,today,flew,manta,get,onto,10,,
2691254164,FALSE,finalized,3,3/18/2020 03:16:18,,,yes,0.6126,2.67,0.471,yes,0.6941,,,fear,0.6933,,,follow-up,hoped,,,,,,,,,staed,another,playthrough,today,felt,every,bit,good,11,,
2691254165,FALSE,finalized,3,3/18/2020 03:54:02,,,yes,1,4,0,yes,1,,,fear,0.3669,,,hope,,,,,,,,,,reggie,good,day,today,,,,,12,,
2691254166,FALSE,finalized,3,3/18/2020 02:21:50,,,yes,1,2.67,1.886,yes,1,4,1,fear,0.5512,,,happy,b\u202\/\/t.co\/pjq6stcr6h,,,,,,,,,got,play,minecraft,today,least,unemployed,shit,ain\u2019t,13,,
2691254167,FALSE,finalized,3,3/18/2020 04:17:37,,,no,0.6261,3.33,0.471,yes,0.7004,,,fear,0.6261,,,remember,medium,da\u2026,,,,,,,,immediately,9-1when,entire,nation,rallied,sentiment,present,even,14,,
2691254168,FALSE,finalized,3,3/18/2020 02:46:48,,,yes,1,0.67,0.943,yes,1,3,1,fear,1,,,south,time,since,outbreak,began,i\u2026,,,,,korea,reported,recovery,coronavirus,today,new,infection,1st,15,,
2691254169,FALSE,finalized,3,3/18/2020 02:51:06,,,yes,1,1.33,1.247,no,0.5465,4,1,fear,0.5465,,,people,,,,,,,,,,racist,asian,dont,deserve,lmao,,,,16,,
2691254170,FALSE,finalized,3,3/18/2020 03:18:30,,,yes,1,2,1.414,yes,1,3,1,fear,1,,,tomorrow,,,,,,,,,,promised,,,,,,,,17,,
2691254171,FALSE,finalized,3,3/18/2020 02:46:15,,,yes,0.6372,2,0.816,yes,1,,,fear,0.6755,,,local,,,,,,,,,,wal-ma,today,canned,good,,,,,18,,
2691254172,FALSE,finalized,3,3/18/2020 03:16:27,,,yes,0.5341,1.67,1.247,yes,1,6,1,fear,0.5341,,,today,online,store,naman,naka,pa.\ud83d\ude0d,,,,,better,avoid,crowded,place,gustong,mag,shopping,may,19,,
2691254173,FALSE,finalized,3,3/18/2020 02:46:15,,,yes,1,2.67,1.247,yes,1,,,fear,0.6898,,,guy,,,,,,,,,,know,pneumonic,plague,actually,similar,symptom,coronavirus,,0,,
2691254174,FALSE,finalized,3,3/18/2020 03:17:08,,,yes,0.624,2.67,0.471,yes,0.624,,,fear,0.624,,,walked,anxious,\ud83d\udcaf\ud83d\udcaf,walked,right,back,\ud83d\udcaf\ud83d\udcaf\ud83d\udcaf,,,,walma,today,\ud83d\udcaf\ud83d\udcaf,everyone,going,insane,\ud83d\udcaf\ud83d\udcaf\ud83d\udcaf,got,1,,
2691254175,FALSE,finalized,3,3/18/2020 03:16:18,,,yes,1,1.67,1.7,yes,1,2,1,fear,1,,,something,today,,,,,,,,,serious,going,four,case,diagnosed,rural,landlocked,montana,2,,
2691254176,FALSE,finalized,3,3/18/2020 02:23:34,,,no,1,1.33,1.886,yes,1,1,1,fear,0.5618,,,today,warrant,criminal,repeatedly,set,fre\u2026,,,,,veteran,member,phila,swat,shot,killed,trying,serve,3,,
2691254177,FALSE,finalized,3,3/18/2020 03:20:00,,,yes,1,2,0.816,yes,0.6232,,,fear,0.3768,,,today,give,doctor,,,,,,,,emergency,order,allow,secretary,waive,applicable,rule,regulation,4,,
2691254178,FALSE,finalized,3,3/18/2020 02:48:10,,,no,0.6851,3,0.816,yes,1,,,fear,0.6851,,,\u201cthe,jack,donating,500,,,,,,,pandemic,face,today,longer,resolved,individual,country.\u201d\n\nchinese,billionaire,5,,
2691254179,FALSE,finalized,3,3/18/2020 03:48:33,,,yes,1,1.33,0.943,yes,1,3,1,fear,0.5431,,,kid,,,,,,,,,,made,a\u2019s,elementary,school,depressed,today,,,6,,
2691254180,FALSE,finalized,3,3/18/2020 02:26:08,,,yes,1,1,1.414,yes,1,3,0.5396,happy,1,,,\u201cthe,jack,donating,500,,,,,,,pandemic,face,today,longer,resolved,individual,country.\u201d\n\nchinese,billionaire,7,,
2691254181,FALSE,finalized,3,3/18/2020 02:21:50,,,yes,1,2,1.633,yes,1,6,1,happy,0.5512,,,today,\/\/t.co\/kiye3nalpa,,,,,,,,,actually,decided,celebrate,scar,wow,'re,lowkey,fire.\ud83d\ude05\ud83d\ude0d,8,,
2691254182,FALSE,finalized,3,3/18/2020 02:48:27,,,yes,1,1.67,1.247,yes,1,4,1,happy,0.5254,,,crazy,,,,,,,,,,bible,warns,world,we\u2019re,living,today..,,,9,,
2691254183,FALSE,finalized,3,3/18/2020 01:50:29,,,,,0,0,,,2,0.6086,happy,,,,mek,,,,,,,,,,home,fry,chicken,,,,,,10,,
2691254184,FALSE,finalized,3,3/18/2020 02:20:25,,,yes,1,1,1.414,yes,1,2,0.5396,happy,1,,,swine,,,,,,,,,,flu,n't,suspend,anything,,,,,11,,
2691254185,FALSE,finalized,3,3/18/2020 02:51:04,,,yes,1,0.67,0.471,yes,1,3,1,happy,0.5426,,,hate,,,,,,,,,,people,call,'pi'day,today,22\/you,mongrel,,,12,,
2691254186,FALSE,finalized,3,3/18/2020 03:21:12,,,yes,1,1.33,0.943,yes,1,1,1,happy,0.5946,,,response,,,,,,,,,,suspension,operation,due,wuhancoronavirus,may,tweet,wee\u2026,,13,,
2691254187,FALSE,finalized,3,3/18/2020 02:51:04,,,yes,1,0.67,0.471,yes,1,2,1,happy,0.5426,,,today,\/\/t.co\/7yq1ugwdsj,,,,,,,,,bankrupt,govt,increased,excise,duty,petrol,diesel,rs.each.\n,14,,
2691254188,FALSE,finalized,3,3/18/2020 03:20:00,,,yes,0.6232,2.33,0.471,yes,0.6232,,,happy,0.6874,,,today,\/\/t.co\/7yq1ugwdsj,,,,,,,,,bankrupt,govt,increased,excise,duty,petrol,diesel,rs.each.\n,15,,
2691254189,FALSE,finalized,3,3/18/2020 03:20:27,,,yes,1,3.33,0.471,no,0.6971,,,happy,0.6164,,,\u201cthe,jack,donating,500,,,,,,,pandemic,face,today,longer,resolved,individual,country.\u201d\n\nchinese,billionaire,16,,
2691254190,FALSE,finalized,3,3/18/2020 01:14:33,,,,,0,0,,,4,0.4523,happy,,,,believe,,,,,,,,,,make,west,virginia,state,without,reported,case,\/\/t.co\/wrpibcoa74,17,,
2691254191,FALSE,finalized,3,3/18/2020 01:14:33,,,,,0,0,,,4,0.4523,happy,,,,hospital,federal,government.\n\nwe,ha\u2026,,,,,,,tried,order,ventilators.\nthe,funding,said,ventilator,got,denied,18,,
2691254192,FALSE,finalized,3,3/18/2020 03:21:01,,,yes,0.5301,2.33,1.7,yes,0.5301,5,1,happy,0.5301,,,today,\/\/t.co\/7yq1ugwdsj,,,,,,,,,bankrupt,govt,increased,excise,duty,petrol,diesel,rs.each.\n,19,,
2691254193,FALSE,finalized,3,3/18/2020 02:48:10,,,no,1,0.67,0.471,yes,0.5313,2,1,happy,0.5313,,,amp,,,,,,,,,,dance,vaathistepu,totally,unmissable,\ud83d\ude0e\ud83d\udc83\n\ncheck,\ud83d\udca5\n\n,vaathic\u2026,,0,,
2691254194,FALSE,finalized,3,3/18/2020 02:27:26,,,no,0.6671,3,1.414,yes,0.7273,,,happy,0.6056,,,found,,,,,,,,,,today,dog,,,,,,,1,,
2691254195,FALSE,finalized,3,3/18/2020 04:17:37,,,yes,1,3,0.816,yes,1,,,happy,0.3739,,,found,,,,,,,,,,today,dog,,,,,,,2,,
2691254196,FALSE,finalized,3,3/18/2020 02:46:15,,,yes,1,2.33,1.7,yes,1,2,1,happy,1,,,found,,,,,,,,,,today,dog,,,,,,,3,,
2691254197,FALSE,finalized,3,3/18/2020 01:50:29,,,,,0,0,,,5,0.3914,happy,,,,today,,,,,,,,,,year,old,found,season,allergy,,,,4,,
2691254198,FALSE,finalized,3,3/18/2020 02:27:26,,,yes,0.7273,3,0.816,yes,1,,,happy,0.6671,,,feel,40a,day.\n\nthree,year,ago,wishe\u2026,,,,,blessed,year,ago,took,week,make,40and,make,5,,
2691254199,FALSE,finalized,3,3/18/2020 03:21:01,,,yes,1,1.33,1.886,yes,1,5,0.5832,happy,1,,,please,sarah,black,pray\u2026,,,,,,,prayer,baby,sister,missing,since,'re,durham,name,6,,
2691254200,FALSE,finalized,3,3/18/2020 02:49:37,,,yes,0.7018,2.33,0.471,yes,0.7018,,,happy,0.6116,,,\u2066\u206look,i\u2026,,,,,,,,,wife,found,sobey\u2019s,sydney,today,thing,set,lockdown,7,,
2691254201,FALSE,finalized,3,3/18/2020 03:18:30,,,yes,1,1.33,1.247,yes,1,3,1,happy,0.5141,,,today,\n\n,whyrutheseries,zaintsee,,,,,,,'re,shooting,beach,scene,beach,\n\nnew,scene,\ud83d\ude31\ud83d\ude31\n\nbring,8,,
2691254202,FALSE,finalized,3,3/18/2020 03:20:00,,,yes,1,2.33,0.471,yes,0.6232,,,happy,0.6232,,,hate,week,ago,today,d\u00e9jenme,paz,\ud83d\ude12,,,,people,ask,i\u2019m,wearing,faja,...,like,baby,9,,
2691254203,FALSE,finalized,3,3/18/2020 02:46:15,,,no,0.5092,1.33,1.247,yes,1,2,1,pleasant,0.5092,,,today,,,,,,,,,,lost,friend,hand,death.\n\nhe,died,sleep,\ud83d\ude2a\ud83d\ude29,,10,,
2691254204,FALSE,finalized,3,3/18/2020 03:21:12,,,yes,0.6269,2,0,yes,0.6269,,,pleasant,0.3731,,,today,,,,,,,,,,terrible,man,besides,music,,,,,11,,
2691254205,FALSE,finalized,3,3/18/2020 03:54:02,,,yes,1,3,0,yes,1,,,pleasant,1,,,found,,,,,,,,,,today,dog,,,,,,,12,,
2691254206,FALSE,finalized,3,3/18/2020 03:17:46,,,yes,0.6787,2.67,0.943,yes,1,,,pleasant,0.3792,,,boomer,coming,noon,wild,bro,,,,,,friend,wild,told,friend,come,chill,today,tell,13,,
2691254207,FALSE,finalized,3,3/18/2020 04:18:06,,,yes,1,2.33,1.7,yes,0.5111,2,0,pleasant,0.5111,,,love,,,,,,,,,,thank,\ud83d\udc99,,,,,,,14,,
2691254208,FALSE,finalized,3,3/18/2020 02:51:04,,,yes,0.5426,2,1.414,yes,0.5426,2,1,pleasant,0.5426,,,found,,,,,,,,,,today,dog,,,,,,,15,,
2691254209,FALSE,finalized,3,3/18/2020 04:18:06,,,yes,0.5431,1.33,0.943,yes,1,2,0,pleasant,0.5431,,,today,,,,,,,,,,child,asked,\u201cam,going,die,\u201d,friend,asked,16,,
2691254210,FALSE,finalized,3,3/18/2020 03:50:45,,,yes,1,2.33,1.7,yes,1,4,1,pleasant,0.5267,,,please,sarah,black,pray\u2026,,,,,,,prayer,baby,sister,missing,since,'re,durham,name,17,,
2691254211,FALSE,finalized,3,3/18/2020 02:20:25,,,yes,1,1,1.414,no,1,2,1,pleasant,1,,,decided,\/\/t.co\/jstxnv2dxx,,,,,,,,,switch,amp,red,enchilada,instead,green,today,\ud83d\ude0b,18,,
2691254212,FALSE,finalized,3,3/18/2020 02:23:34,,,no,0.5556,1.33,0.943,yes,0.5556,1,1,pleasant,1,,,lol,isi,\/\/t.co\/ewreo1kgkv,,,,,,,,hobby,lobby,guy,basically,bought,dime,bag,oregano,19,,
2691254213,FALSE,finalized,3,3/18/2020 02:48:10,,,no,1,0.67,0.943,yes,1,1,1,pleasant,1,,,\ud83d\udcaf,help,different,,,,,,,,exhausted,really,tough,clinic,today,call,amp,police,0,,
2691254214,FALSE,finalized,3,3/18/2020 04:18:06,,,yes,0.5431,1.33,0.943,yes,1,2,0,pleasant,0.5431,,,trudeau,shanghai,,,,,,,,,refuse,cancel,direct,flight,china,today,plane,landed,1,,
2691254215,FALSE,finalized,3,3/18/2020 03:46:35,,,yes,1,2.67,0.471,yes,1,,,pleasant,0.3535,,,video,coor\u2026,,,,,,,,,question,today,administration,disbanding,white,house,team,responsible,2,,
2691254216,FALSE,finalized,3,3/18/2020 02:53:47,,,yes,0.7668,2.67,0.471,no,0.6552,,,pleasant,0.422,,,amp,,,,,,,,,,please,immediately,clarify,alberta,1day,paid,job-protected,covid-1re\u2026,3,,
2691254217,FALSE,finalized,3,3/18/2020 02:51:04,,,yes,1,2,1.633,yes,1,1,1,pleasant,0.5426,,,swift,india,can\u2026,,,,,,,,action,telecom,ministry,leadership,enable,workfromhome,ites,firm,4,,
2691254218,FALSE,finalized,3,3/18/2020 02:46:33,,,yes,1,3.33,0.471,yes,0.66,,,pleasant,0.68,,,thank,,,,,,,,,,everyone,reached,today,extremely,blessed,coach,community,coach,5,,
2691254219,FALSE,finalized,3,3/18/2020 03:50:45,,,yes,1,2,1.414,yes,1,4,1,pleasant,0.5267,,,major,,,,,,,,,,news,today,kpop,star,wonho,,,,6,,
2691254220,FALSE,finalized,3,3/18/2020 03:17:08,,,no,0.5016,1.33,0.943,yes,1,2,1,pleasant,1,,,math,,,,,,,,,,full,battery,coronavirus,testing,cost,minimum,,,7,,
2691254221,FALSE,finalized,3,3/18/2020 03:50:45,,,yes,1,2,1.633,yes,1,2,1,pleasant,0.5108,,,sxsw,feature-length,film,programmed,in\u2026,,,,,,would,started,today,\n\nwe,'ve,created,comprehensive,list,8,,
2691254222,FALSE,finalized,3,3/18/2020 02:48:10,,,no,1,0.67,0.943,no,1,2,0.5132,pleasant,1,,,today,,,,,,,,,,found,nando\u2019s,typeface,created,black,sign,writer,artist,9,,
2691254223,FALSE,finalized,3,3/18/2020 03:46:35,,,yes,0.5191,1.67,1.247,yes,0.5191,2,1,pleasant,0.5191,,,interesting,,,,,,,,,,chinese,person,would,help,american,y\u2019all,fucking,asshole,10,,
2691254224,FALSE,finalized,3,3/18/2020 03:21:01,,,yes,0.6904,3,0.816,yes,0.6904,,,pleasant,0.6588,,,\u203c\ufe0f,,,,,,,,,,attention,monbebes,\u203c\ufe0f\nwe,celebrating,anti,hole,fuming,,11,,
2691254225,FALSE,finalized,3,3/18/2020 02:23:34,,,yes,1,1,1.414,no,1,2,1,pleasant,0.5618,,,today,person,hasn\u2019t,paid,the\u2026,,,,,,asked,department,public,service,direct,utility,cut,service,12,,
2691254226,FALSE,finalized,3,3/18/2020 03:21:01,,,no,1,1.33,1.886,yes,1,2,0.5403,pleasant,1,,,bts,today,live,text,voting,part,final,score,,,'on,may,nominated,1st,place,music,core,later,13,,
2691254227,FALSE,finalized,3,3/18/2020 02:27:26,,,yes,0.7273,2,0.816,yes,0.7273,,,pleasant,0.6056,,,electricity,,,,,,,,,,,,,,,,,,14,,
2691254228,FALSE,finalized,3,3/18/2020 04:18:06,,,yes,0.5431,1.67,1.247,yes,1,2,0,pleasant,0.5431,,,worth,,,,,,,,,,repeating,indeed,2018,,,,,,15,,
2691254229,FALSE,finalized,3,3/18/2020 02:23:34,,,no,0.5545,2.33,0.471,yes,0.7536,,,pleasant,1,,,lose,welcomed,4cats,street,,,,,,,cat,try,honor,memory,saving,cats\nso,also,today,16,,
2691254230,FALSE,finalized,3,3/18/2020 03:20:00,,,yes,1,2,1.633,yes,0.5203,1,1,read_the_key_word_and_emoticon_to_identify_the_emotion_of_the_user_,0.5203,,,someone\u2019s,,,,,,,,,,uninstalling,warzone,today,\ud83e\udd23\n\n,credit,u\/ky2391,\/\/t.co\/uxgfaznel5,,17,,
2691254231,FALSE,finalized,3,3/18/2020 04:18:06,,,yes,1,2,1.414,yes,1,2,0,surprise,0.5241,,,today,,,,,,,,,,found,nando\u2019s,typeface,created,black,sign,writer,artist,18,,
2691254232,FALSE,finalized,3,3/18/2020 02:23:34,,,yes,1,1.33,1.886,no,1,2,1,surprise,1,,,european,,,,,,,,,,union,withstand,shock,caused,covid19,need,determined,,19,,
2691254233,FALSE,finalized,3,3/18/2020 03:18:24,,,yes,0.6988,2,0.816,yes,0.6988,,,surprise,0.3862,,,today,,,,,,,,,,violent,anima,,,,,,,0,,
2691254234,FALSE,finalized,3,3/18/2020 03:22:11,,,yes,0.6976,3,0,yes,1,,,surprise,0.3497,,,'why,'infomercial,press,conferen\u2026,,,,,,,shaking,hand,trump,break,coronavirus,rule,parade,ceo,1,,
2691254235,FALSE,finalized,3,3/18/2020 03:25:31,,,yes,0.5921,2.33,1.247,yes,0.6995,,,surprise,0.7085,,,really,,,,,,,,,,outrageous,senate,recessed,weekend,middle,pandemic,house,set\u2026,2,,
2691254236,FALSE,finalized,3,3/18/2020 03:22:11,,,yes,0.6503,3.33,0.943,yes,1,,,surprise,0.3497,,,sad,missed.\n,ripliltecca,rip,legend,,,,,,hear,lil,tecca,passed,away,car,accident,today,3,,
2691254237,FALSE,finalized,3,3/18/2020 04:18:26,,,yes,0.6514,2,0,yes,1,,,surprise,0.3486,,,unreleased,wanted,swap,beat,en\u2026,,,,,,visual,original,version,\u201cmpr\u201d,pop,smoke,pop,reportedly,4,,
2691254238,FALSE,finalized,3,3/18/2020 03:25:31,,,yes,0.5921,2.33,0.471,yes,1,,,surprise,0.5921,,,bakit,mga,ibang,bansa,america,affo\u202\/\/t.co\/eljbdppnkd,,,,,magdodonate,first-world,country,hindi,ba\u2019t,may,nangangailangan,pang,5,,
2691254239,FALSE,finalized,3,3/18/2020 04:18:26,,,yes,0.6514,1.33,0.471,yes,1,,,surprise,0.3486,,,proof,\n\nq,post,911\u2026,,,,,,,today,held,press,conference,stating,declaring,national,emergency,6,,
2691254240,FALSE,finalized,3,3/18/2020 03:22:11,,,yes,1,2.67,1.247,yes,1,,,surprise,0.6503,,,may,emergency,today,t\u2026,,,,,,,never,forget,especially,poll,guy,declared,coronavirus,national,7,,
2691254241,FALSE,finalized,3,3/18/2020 03:18:24,,,no,0.6874,2,0,no,0.6874,,,surprise,0.6988,,,bizarre,,,,,,,,,,,,,,,,,,8,,
2691254242,FALSE,finalized,3,3/18/2020 04:18:26,,,yes,1,2,0.816,yes,0.6514,,,surprise,0.3486,,,joe,,,,,,,,,,biden,ground,stand,politicizing,coronavirus,attacking,.\n\/\/t.co\/ps7dkduptg,,9,,
2691254243,FALSE,finalized,3,3/18/2020 03:18:24,,,yes,1,1.67,0.471,yes,1,,,surprise,0.6874,,,joe,,,,,,,,,,biden,ground,stand,politicizing,coronavirus,attacking,.\n\/\/t.co\/ps7dkduptg,,10,,
2691254244,FALSE,finalized,3,3/18/2020 03:22:11,,,yes,1,3.67,0.471,yes,0.6976,,,surprise,1,,,honestly,pink,slip,today,please,help,one,another,,,don\u2019t,think,wrap,head,around,many,people,getting,11,,
2691254245,FALSE,finalized,3,3/18/2020 03:25:31,,,yes,0.7085,2.33,1.247,yes,1,,,surprise,0.5921,,,know,today,snack,fucked,already,,,,,,can\u2019t,house,able,leave,done,ate,meal,peep,12,,
2691254246,FALSE,finalized,3,3/18/2020 04:18:26,,,yes,0.6514,2,0.816,yes,1,,,surprise,0.6867,,,bizarre,,,,,,,,,,,,,,,,,,13,,
2691254247,FALSE,finalized,3,3/18/2020 03:25:31,,,yes,0.5921,2.67,0.471,yes,0.6995,,,surprise,0.4079,,,season,\/\/t.co\/jdzvo1xpqd,,,,,,,,,thekingdomnetflix,thekingdompremiered,today,guess,i\u2019m,watching,weekend,\ud83e\udddf\u200d\u2642\ufe0f\u2694\ufe0f\ud83e\udddf\u200d\u2640\ufe0f,14,,
2691254248,FALSE,finalized,3,3/18/2020 03:18:24,,,yes,1,1.67,0.471,yes,1,,,,0.6874,,,really,,,,,,,,,,outrageous,senate,recessed,weekend,middle,pandemic,house,set\u2026,15,,
2691254249,FALSE,finalized,3,3/18/2020 03:25:31,,,yes,0.5921,2.67,0.943,yes,0.6995,,,,0.4079,,,donald,today,press,conference,...,.no,...,words.\n\n\/\/\u2026,,,damn,trump,sent,signed,chart,dow,fox,news,16,,
2691254250,FALSE,finalized,3,3/18/2020 04:18:26,,,yes,0.6514,1.67,0.471,yes,1,,,,0.6514,,,may,emergency,today,t\u2026,,,,,,,never,forget,especially,poll,guy,declared,coronavirus,national,17,,
2691254251,FALSE,finalized,3,3/18/2020 03:22:11,,,yes,0.6503,3.33,0.943,yes,1,,,,0.3497,,,unprecedented,,,,,,,,,,day,,,,,,,,18,,
2691254252,FALSE,finalized,3,3/18/2020 03:18:24,,,yes,1,2.67,0.943,yes,1,,,,0.3862,,,bizarre,,,,,,,,,,,,,,,,,,19,,