0,guy,know,pneumonic,plague,actually,similar,symptom,coronavirus,,,,,,,,
1,walked,walma,today,\ud83d\udcaf\ud83d\udcaf,everyone,going,insane,\ud83d\udcaf\ud83d\udcaf\ud83d\udcaf,got,anxious,\ud83d\udcaf\ud83d\udcaf,walked,right,back,\ud83d\udcaf\ud83d\udcaf\ud83d\udcaf,
2,something,serious,going,four,case,diagnosed,rural,landlocked,montana,today,,,,,,
3,today,veteran,member,phila,swat,shot,killed,trying,serve,warrant,criminal,repeatedly,set,fre\u2026,,
4,today,emergency,order,allow,secretary,waive,applicable,rule,regulation,give,doctor,,,,,
5,\u201cthe,pandemic,face,today,longer,resolved,individual,country.\u201d\n\nchinese,billionaire,jack,donating,500,,,,
6,kid,made,a\u2019s,elementary,school,depressed,today,,,,,,,,,
7,\u201cthe,pandemic,face,today,longer,resolved,individual,country.\u201d\n\nchinese,billionaire,jack,donating,500,,,,
8,today,actually,decided,celebrate,scar,wow,'re,lowkey,fire.\ud83d\ude05\ud83d\ude0d,\/\/t.co\/kiye3nalpa,,,,,,
9,crazy,bible,warns,world,we\u2019re,living,today..,,,,,,,,,
10,mek,home,fry,chicken,,,,,,,,,,,,
11,swine,flu,n't,suspend,anything,,,,,,,,,,,
12,hate,people,call,'pi'day,today,22\/you,mongrel,,,,,,,,,
13,response,suspension,operation,due,wuhancoronavirus,may,tweet,wee\u2026,,,,,,,,
14,today,bankrupt,govt,increased,excise,duty,petrol,diesel,rs.each.\n,\/\/t.co\/7yq1ugwdsj,,,,,,
15,today,bankrupt,govt,increased,excise,duty,petrol,diesel,rs.each.\n,\/\/t.co\/7yq1ugwdsj,,,,,,
16,\u201cthe,pandemic,face,today,longer,resolved,individual,country.\u201d\n\nchinese,billionaire,jack,donating,500,,,,
17,believe,make,west,virginia,state,without,reported,case,\/\/t.co\/wrpibcoa74,,,,,,,
18,hospital,tried,order,ventilators.\nthe,funding,said,ventilator,got,denied,federal,government.\n\nwe,ha\u2026,,,,
19,today,bankrupt,govt,increased,excise,duty,petrol,diesel,rs.each.\n,\/\/t.co\/7yq1ugwdsj,,,,,,
20,response,suspension,operation,due,wuhancoronavirus,may,tweet,wee\u2026,,,,,,,,
21,missing,today,\/\/t.co\/mo5prhvv5s,,,,,,,,,,,,,
22,let,prayer,faith,god,\npowerful,problem,misery,facing,today,vir\u202\/\/t.co\/ezt4tb4erp,,,,,,
23,watch,cnn,dana,bash,describe,trump,administration,war,effort\,show,force\,today,combat,coronavirus.\u2026,,
24,life,shit,world,shit,half,teen,supposed,future,wan,die,suicid\u202\/\/t.co\/nchvgxtn2y,,,,,
25,een,tryna,look,bank,account,dun,went,crazy,today,\ud83e\udd74,,,,,,
26,vaathistepu,challenge,accepted,bruhh\ud83d\udcaa\ud83c\udffb\npromo,version,\u0bb5\u0bbe\u0ba4\u0bcd\u0ba4\u0bbf\u0b95\u0bae\u0bcd\u0bae\u0bbf\u0b99\u0bcd\u0b92\u0ba4\u0bcd\u0ba4\u0bc\ud83d\udd25wid,kikisdances\u2026,,,,,,,,,
27,ugh,girl,mini,anxiety,attack,today,\ud83d\ude25,,,,,,,,,
28,pandemic,proof,podcasting,today,aiello,bat,eater,,,,,,,,,
29,number,coronavirus,case,rise,2in,south,africa,\/\/t.co\/notpavfvpu,,,,,,,,
30,counteract,bad,luck,sending,stop,negative,energy,today,worshipping,me.\n\ni,wicked,witch,who\u2026,,,
31,\u201cthe,pandemic,face,today,longer,resolved,individual,country.\u201d\n\nchinese,billionaire,jack,donating,500,,,,
32,today\namateur,challenge,match,up\nwinner,korea,open,championship,\u202\/\/t.co\/k5wnkqg6vq,,,,,,,,
33,\u201cthe,pandemic,face,today,longer,resolved,individual,country.\u201d\n\nchinese,billionaire,jack,donating,500,,,,
34,\u201cthe,pandemic,face,today,longer,resolved,individual,country.\u201d\n\nchinese,billionaire,jack,donating,500,,,,
35,omg,funny,\nfunniest,trunk,today,waved,crazy,thier,headed,right,the\u2026,,,,,
36,today,bankrupt,govt,increased,excise,duty,petrol,diesel,rs.each.\n,\/\/t.co\/7yq1ugwdsj,,,,,,
37,a.m.,160reported,case,virus,,,,,,,,,,,,
38,latest,update,covid-1in,new,york,city,\n\nas,today,15confirmed,positive,case,covid-19,h\u2026,,,
39,watch,cnn,dana,bash,describe,trump,administration,war,effort\,show,force\,today,combat,coronavirus.\u2026,,
40,\u201cthe,pandemic,face,today,longer,resolved,individual,country.\u201d\n\nchinese,billionaire,jack,donating,500,,,,
41,went,local,butcher,shop,today,line,,,,,,,,,,
42,yesterday,monkey,gang,,,,,,,,,,,,,
43,instead,forced,watch,everyone,love,today,decided,pas,away,,,,,,,
44,five-tool,future,dad,restrained,disappointment,,,,,,,,,,,
45,today,emergency,order,allow,secretary,waive,applicable,rule,regulation,give,doctor,,,,,
46,today,bankrupt,modi,govt,increased,excise,duty,petrol,diesel,\u20b93\/litre.\n\n\u092c\u0939\u0941\u092\u0939\u0941\u090\u092e\u0939\u0901\u0917\u093e\u090\u0915\u094\u092e\u093e\u0930,,,,,,
47,***ish,world,domination,scheme,based,brainwashing,everyone,belief,human,equality\,\n\nwe,know,t\u2026,,,
48,want,fight,coronavirus,,,,,,,,,,,,,
49,today,bankrupt,govt,increased,excise,duty,petrol,diesel,rs.each.\n,\/\/t.co\/7yq1ugwdsj,,,,,,
50,want,fight,coronavirus,,,,,,,,,,,,,
51,\u201cthe,pandemic,face,today,longer,resolved,individual,country.\u201d\n\nchinese,billionaire,jack,donating,500,,,,
52,happens,work,private,sector,solve,problem,rather,trying,force,private,sect\u2026,,,,,
53,abortion,clinic,remain,open,today,,,,,,,,,,,
54,today,bankrupt,govt,increased,excise,duty,petrol,diesel,rs.each.\n,\/\/t.co\/7yq1ugwdsj,,,,,,
55,met,bad,bitch,today\ud83d\uddathank,\/\/t.co\/0mezcfgxob,,,,,,,,,,,
56,today,bankrupt,govt,increased,excise,duty,petrol,diesel,rs.each.\n,\/\/t.co\/7yq1ugwdsj,,,,,,
57,let,prayer,faith,god,powerful,problem,misery,facing,today,virus,,,,,,
58,htbi,10-day,moving,average,broke,50-day,moving,average,february,,,,,,,
59,may,utero,transmission,virus,today,truly,insane,,,,,,,,,
60,upcoming,new,song,nishanbhuller,half,shoting,done,yesterday,1pm,9:30pm\n\nsecond,schedule,shooting,star\u2026,,,
61,got,fight,guest,today,instead,yay,\ud83e\udd2a\ud83e\udd2a,,,,,,,,,
62,\u201cthe,pandemic,face,today,longer,resolved,individual,country.\u201d\n\nchinese,billionaire,jack,donating,500,,,,
63,today,emergency,order,allow,secretary,waive,applicable,rule,regulation,give,doctor,,,,,
64,fire,108eunos,ave,\n\nat,5.25am,today,,,,,,,,,,
65,response,suspension,operation,due,wuhancoronavirus,may,tweet,wee\u2026,,,,,,,,
66,thumbnail,said,cix,loud,crazy,,,,,,,,,,,
67,met,bad,bitch,today\ud83d\uddathank,\/\/t.co\/0mezcfgxob,,,,,,,,,,,
68,aries,today,make,horrible,choice,sending,life,careening,tailspin,terror,next,time,use,better,l\u2026,
69,met,bad,bitch,today\ud83d\uddathank,\/\/t.co\/0mezcfgxob,,,,,,,,,,,
70,mind,blowing,must,listen,\ud83d\udc4d\nit,clarifies,doubt,,,,,,,,,
71,\u201cthe,pandemic,face,today,longer,resolved,individual,country.\u201d\n\nchinese,billionaire,jack,donating,500,,,,
72,n't,europe,scream,twitterati,\n\ntoday,new,case,new,deaths\n\nuk,20\/,1\n\nitaly\u2026,,,,,
73,today,bankrupt,govt,increased,excise,duty,petrol,diesel,rs.each.\n,\/\/t.co\/7yq1ugwdsj,,,,,,
74,criminal,today,family,booked,please,self,quarantine,believe,social,distancing\u202\/\/t.co\/mq3tosxz3s,,,,,,
75,fact,\n\nit,took,obama,month,declare,swine,flu,national,health,emergency\u20141,,,,,
76,aint,band,made,fire,flame,,,,,,,,,,,
77,new,covid1us,case,per,day,took,month,hit,100cases,,,,,,,
78,missed,hanging,someone,today,\ud83d\ude14\ud83d\ude14,,,,,,,,,,,
79,today,absolutely,hell,i\u2019m,gon,draw,horny,,,,,,,,,
80,kudrati,mask,nahi,mil,rahe,\ud83d\ude0this,ridiculous,paicipating,protest,government,role,today,they\u202\/\/t.co\/mpj31p8vxd,,,
81,met,bad,bitch,today\ud83d\uddathank,\/\/t.co\/0mezcfgxob,,,,,,,,,,,
82,light,sarawak,case,covid1today,,,,,,,,,,,,
83,muzlims,killing,muzlims,somalia,,,,,,,,,,,,
84,corona,make,y\u2019all,even,retarded,today,super,fucking,cringe,,,,,,,
85,september,2021.,pandemic,,,,,,,,,,,,,
86,karma,really,bitch,minister,security,,,,,,,,,,,
87,today,bankrupt,govt,increased,excise,duty,petrol,diesel,rs.each.\n,\/\/t.co\/7yq1ugwdsj,,,,,,
88,didn\u2019t,confirm,today,testing,covid-19,may,contagious,spreading,unknowi\u2026,,,,,,,
89,case,forgot,today,,,,,,,,,,,,,
90,today,emergency,order,allow,secretary,waive,applicable,rule,regulation,give,doctor,,,,,
91,yesterday,monkey,gang,,,,,,,,,,,,,
92,\ud83d\udeajust,announced,\ud83d\udea8\n\nmy,new,book,available,pre-order,today,\n\ni,decisively,refute,new,face,socialism,amp,make\u2026
93,september,2021.,pandemic,,,,,,,,,,,,,
94,\u201cthe,pandemic,face,today,longer,resolved,individual,country.\u201d\n\nchinese,billionaire,jack,donating,500,,,,
95,broke,,,,,,,,,,,,,,,
96,bos,breaking,rule,today,\ud83e\udd23\ud83d\ude02\ud83d\ude2d,\/\/t.co\/ht7nz8hf3r,,,,,,,,,,
97,\u201cthe,pandemic,face,today,longer,resolved,individual,country.\u201d\n\nchinese,billionaire,jack,donating,500,,,,
98,anti,big,fat,white,nasty,smelling,fat,bitch,took,mfkin,schedule,trifflin,d\u202\/\/t.co\/raabknpfql,,,
99,\u201cthe,pandemic,face,today,longer,resolved,individual,country.\u201d\n\nchinese,billionaire,jack,donating,500,,,,
100,okay,today,truly,cursed,day,almost,accident,somebody,came,complete,stop,sideways,in\u202\/\/t.co\/snkdm49k9g,,,
101,absolutely,disgusting,bernie,bros,trying,suggest,biden,wandered,camera,livestream,event,toda\u2026,,,,
102,abortion,clinic,remain,open,today,,,,,,,,,,,
103,change,name,katie,fucking,porter,katie,fucking,porter,,,,,,,,
104,global,pandemic,national,emergency,declared,today,,,,,,,,,,
105,global,pandemic,national,emergency,declared,today,,,,,,,,,,
106,\u201cthe,pandemic,face,today,longer,resolved,individual,country.\u201d\n\nchinese,billionaire,jack,donating,500,,,,
107,anybody,else,wan,me-ing,today,,,,,,,,,,,
108,blackvelvet,gurll,gang,gang,\ud83e\udd19\ud83c\udffb\n,\u202\/\/t.co\/xxcyglwax6,,,,,,,,,,
109,saree,promised,today..,wan,remove,see,sexy,theighs,ass..rt,tell,view,com\u2026,,,,
110,woman,security,still,remains,distant,dream,\nwe,still,recovered,horror,priyankareddy,case,,,,
111,touch,year,old,today,let,forget,taeil,went,crazy,last,4seconds,song,\/\/t.co\/avdt\u2026,,,
112,democrat,silent,yet,directly,responsible,deadly,disease,,,,,,,,,
113,today,bankrupt,govt,increased,excise,duty,petrol,diesel,rs.each.\n,\/\/t.co\/7yq1ugwdsj,,,,,,
114,wouldn\u2019t,come,car,rain,two,week,see,pollen,ghetto,,,,,,,
115,believe,coronavirus,pandemic,worse,u.s.,today,donald,trump,president,,,,,,,
116,vaathistepu,challenge,accepted,bruhh\ud83d\udcaa\ud83c\udffb\npromo,version,\u0bb5\u0bbe\u0ba4\u0bcd\u0ba4\u0bbf\u0b95\u0bae\u0bcd\u0bae\u0bbf\u0b99\u0bcd\u0b92\u0ba4\u0bcd\u0ba4\u0bc\ud83d\udd25wid,kikisdances\u2026,,,,,,,,,
117,met,bad,bitch,today\ud83d\uddathank,\/\/t.co\/0mezcfgxob,,,,,,,,,,,
118,today,stare,opv,day,5555555my,eye,gon,turn,red,cheek,gon,hurt,sure,watching,opv,\ud83e\udd23\ud83e\udd23\u2026
119,week,ago,italy,32confirmed,case,coronavirus\nweek,ago,,,,,,,,,
120,met,bad,bitch,today\ud83d\uddathank,\/\/t.co\/0mezcfgxob,,,,,,,,,,,
121,fact,\n\nit,took,obama,month,declare,swine,flu,national,health,emergency\u20141,,,,,
122,oblivion,opened,2years,ago,today,\/\/t.co\/pvz6brhx3i,,,,,,,,,,
123,\u201cthe,pandemic,face,today,longer,resolved,individual,country.\u201d\n\nchinese,billionaire,jack,donating,500,,,,
124,past,month,hell,without,used,wake,either,bad,news,nothing,\n\nbut,today,,,,
125,global,pandemic,national,emergency,declared,today,,,,,,,,,,
126,ignor-ance,pandemic,concern,i\u2019m,hoping,variety,serve,wake,sheeple,up\u202\/\/t.co\/inaxnhycl6,,,,,,
127,pandemic,day,shift,today,read,~8emails,colleague,trying,scramble,cover,other\u2019s,shift,b\u2026,,,
128,parent,didnt,want,friend,dont,risk,catching,virus,problem,m\u202\/\/t.co\/2qzwnurcz6,,,,,,
129,\u201cthe,pandemic,face,today,longer,resolved,individual,country.\u201d\n\nchinese,billionaire,jack,donating,500,,,,
130,met,bad,bitch,today\ud83d\uddathank,\/\/t.co\/0mezcfgxob,,,,,,,,,,,
131,*\ud83d\udc23forget,yesterday-,it\u2019s,already,forgotten,*\n*don\u2019t,sweat,tomorrow-you,haven\u2019t,even,met,*\n*instead,open,eye,an\u2026,
132,\u201cthe,pandemic,face,today,longer,resolved,individual,country.\u201d\n\nchinese,billionaire,jack,donating,500,,,,
133,today,emergency,order,allow,secretary,waive,applicable,rule,regulation,give,doctor,,,,,
134,ngl,fan,eustass,since,pre,ima,change,starting,today,\/\/t.co\/lemga39dkp,,,,,,
135,\u201cthe,pandemic,face,today,longer,resolved,individual,country.\u201d\n\nchinese,billionaire,jack,donating,500,,,,
136,wanted,fire,wing,today,\ud83d\udc33,,,,,,,,,,,
137,response,suspension,operation,due,wuhancoronavirus,may,tweet,wee\u2026,,,,,,,,
138,lady,need,eye,candy,today,show,penis,ravine,cut,hotness,peni\u2026,,,,,
139,incase,haven\u2019t,sarawat-ing,today,\/\/t.co\/swzerawcdl,,,,,,,,,,,
140,\u2066\u206using,coronavirus,already,killing,american,help,kill,even,americans.\n\nwonder,she\u2019s,p\u2026,,,,,
141,wouldn\u2019t,fly,definitely,wouldn\u2019t,hurt,,,,,,,,,,,
142,global,pandemic,,,,,,,,,,,,,,
143,shoot,day,today,steve,carmella,bing,\/\/t.co\/y2jqxefke6,,,,,,,,,
144,communal,riot,exploded,delhi,,,,,,,,,,,,
145,excise,duty,petrol,government,raise,excise,duty,petrol,,,,,,,,
146,*\ud83d\udc23forget,yesterday-,it\u2019s,already,forgotten,*\n*don\u2019t,sweat,tomorrow-you,haven\u2019t,even,met,*\n*instead,open,eye,an\u2026,
147,today,bankrupt,govt,increased,excise,duty,petrol,diesel,rs.each.\n,\/\/t.co\/7yq1ugwdsj,,,,,,
148,deborah,birx,dr.,fauci,downplayed,failure,testing,dr.,fauci,testify,yesterday,t\u2026,,,,
149,legitimately,whooooooooooooole,panic,attack,that\u2019s,enough,internet,today,goodnight,,,,,,,
150,strangled,'18,fuck,used,assault,fuher,harm,catalyst,amp,cohor\u202\/\/t.co\/mz8viltgfe,,,,,,
151,die,today,give,another,life\ud83d\udde3\ud83d\udde3\ud83d\udde3\ud83d\udde3\ud83d\udde3\ud83d\udde3\ud83d\udde3\ud83d\udde3\ud83d\udde3\ud83d\udde3,,,,,,,,,,,
152,today,announced,new,tool,help,albertans,combat,covid19,\n\n\ud83d\udc77\u200d\u2640\ufe0f1days,paid,job-protected,leave\n\u260e\ufe0f,big,boost,healt\u2026,
153,insanity,,,,,,,,,,,,,,,
154,guy,fuck,fell,ambulance,today,i\u2019ve,never,busted,hard,entire,life,...,possibly,concusse\u202\/\/t.co\/pe4z674t6s,,
155,government,declared,emergency,state\n\nwe,20+,officially,confirmed,cases\n\nrestaurants,,,,,,,,
156,fact,\n\nit,took,obama,month,declare,swine,flu,national,health,emergency\u20141,,,,,
157,democrat,silent,yet,directly,responsible,deadly,disease,,,,,,,,,
158,met,bad,bitch,today\ud83d\uddathank,\/\/t.co\/0mezcfgxob,,,,,,,,,,,
159,put,chill,day,serialkiller,thriller,\u2049\ufe0f,book,last,cold,case,series,waiting,for\u2026,,,
160,global,pandemic,national,emergency,declared,today,,,,,,,,,,
161,invader,receive,treatment,people,built,hospital,,,,,,,,,,
162,believe,coronavirus,pandemic,worse,u.s.,today,donald,trump,president,,,,,,,
163,50dollars,182would,equivalent,much,today,incredible,law,made,cripple,an\u202\/\/t.co\/7hws4uwmta,,,,,,
164,thumbnail,said,cix,loud,crazy,,,,,,,,,,,
165,met,bad,bitch,today\ud83d\uddathank,\/\/t.co\/0mezcfgxob,,,,,,,,,,,
166,two,dragon,yakuza,ryu,gotoku,chikai,basho,2015,,,,,,,,
167,breaking,federal,court,order,deposition,hillary,clinton,email,benghazi,attack,record,rule,prior,testimony,l\u2026,
168,coworker,today,black,force,\ud83d\ude1i,shooketh,,,,,,,,,,
169,insanity,,,,,,,,,,,,,,,
170,\u201cthe,pandemic,face,today,longer,resolved,individual,country.\u201d\n\nchinese,billionaire,jack,donating,500,,,,
171,case,someone,insulted,today,,,,,,,,,,,,
172,abuse\n\n\ud83d\udeaboosting,\n\n,grandma,won\u2019t,even,let,dad,fucking,dying,,,,,,,
173,going,see,mum,,,,,,,,,,,,,
174,\u201cthe,pandemic,face,today,longer,resolved,individual,country.\u201d\n\nchinese,billionaire,jack,donating,500,,,,
175,met,bad,bitch,today\ud83d\uddathank,\/\/t.co\/0mezcfgxob,,,,,,,,,,,
176,someone,yelled,today,bear,apparently,bear,anywhere,outside,forest,upsetting,hu\u2026,,,,,
177,w.h.o,offered,u.s.,test,ago,ignorant,egotistical,maniac,said,no\,\n\nthere,were\u2026,,,,
178,i\u2019ve,said,lot,today\n\nthe,panic,virus\n\nthe,panic,people,had\u202\/\/t.co\/gwadtqjds2,,,,,,,
179,prison,195were,humane,prison,today,siegel,,,,,,,,,,
180,you\u2019re,talking,disease,century,ago,without,t\u202\/\/t.co\/upyccyw9bw,,,,,,,,,
181,doh,office,closed,staff,sent,home,today,many,case,today,source,tell,were\u2026,,,
182,went,youth,service,today,amp,instead,shaking,hand,,,,,,,,
183,man,murdered,cop,4:30am,today,wasn\u2019t,even,suspect,murdered,redflag,law,g\u2026,,,,
184,driving,newcastle,tweed,head,today,take,granddad,hospital,couldn\u2019t\u2026,,,,,,,
185,today,awful,,,,,,,,,,,,,,
186,lot,russian,paid,troll,trying,make,joe,look,bad,simple,mistake,anyone,listen,trump\u202\/\/t.co\/1cn7u1b9hv,,
187,today,really,cursed,huh,,,,,,,,,,,,
188,yesterday,listened,bad,metcalcore,liked,like,2001-200and,today,listened,10gecs,day,,,,,
189,epidemic,show,bankrupt,whole,'small,government,privat\u2026,,,,,,,,,
190,tear,eye,attended,funeral,today,bad,day\u202\/\/t.co\/fakkonnn2j,,,,,,,,,
191,today,bankrupt,govt,increased,excise,duty,petrol,diesel,rs.each.\n,\/\/t.co\/7yq1ugwdsj,,,,,,
192,i\u2019ve,never,bad,friday,thirteenth,today,exception,thanks,reading,sharing,article,,,,,
193,\u201cthe,pandemic,face,today,longer,resolved,individual,country.\u201d\n\nchinese,billionaire,jack,donating,500,,,,
194,leftist,probably,don\u2019t,even,know,ammo,shortage,2008,\n\nthe,thing,eventually,sto\u2026,,,,
195,sister,chelseamanning,released,prison,need,help,getting,debt,state,of\u2026,,,,,,
196,wrote,today,get,shoot,\ud83d\ude2c,shootday,\/\/t.co\/iid7etycsm,,,,,,,,,
197,oil,set,biggest,weekly,thumping,since,200\/\/t.co\/zpqpyv4a3p,energy,via,,,,,,,
198,stock,soared,friday\u00a0as,wall,street,rebounded,sharp,loss,suffered,previous,session,...,\n\noutstanding,\u2026,,
199,today,emergency,order,allow,secretary,waive,applicable,rule,regulation,give,doctor,,,,,
200,wan,add,people,bought,7pounds,fish,today,,,,,,,,,
201,insanity,\/\/t.co\/hjta2bjd8r,,,,,,,,,,,,,,
202,today,proven,bad,don\u2019t,need,someone,make,bad,bitch,,,,,,,
203,you\u2019re,trying,kill,today,,,,,,,,,,,,
204,past,month,hell,without,used,wake,either,bad,news,nothing,\n\nbut,today,,,,
205,met,bad,bitch,today\ud83d\uddathank,\/\/t.co\/0mezcfgxob,,,,,,,,,,,
206,heart,hurt,sport,world,today,,,,,,,,,,,
207,met,bad,bitch,today\ud83d\uddathank,\/\/t.co\/0mezcfgxob,,,,,,,,,,,
208,global,pandemic,national,emergency,declared,today,,,,,,,,,,
209,schedule,\n\ncix,crazy,game,party\n\u260today,\u316march,,,,,,,,,,
210,insanity,,,,,,,,,,,,,,,
211,game,day,\n\nconker\u2019s,bad,fur,day,2001,\n\nin,one,gaming\u2019s,stunning,u-turn,,,,
212,pandemic,day,shift,today,read,~8emails,colleague,trying,scramble,cover,other\u2019s,shift,b\u2026,,,
213,new,\u2018epicentre\u201of,global,virus,pandemic,declared,europe,\u201cepicentre\u201d,global,coronavirus,pandemic\u202\/\/t.co\/67ddlvjykt,,,,,
214,broken,ulit,ako,today,hahahahahaha,bwisit,jinx,,,,,,,,,
215,want,fight,coronavirus,,,,,,,,,,,,,
216,lot,heavy,military,equipment,,,,,,,,,,,,
217,today,trumppressconference,said,didn\u2019t,know,pandemic,response,team,fired,,,,,,,
218,maybe,'ve,yelled,panic,press,conference,today,,,,,,,,,
219,thread,detailed,western,government,height,wwi,sought,cover,rising,pandemic,i\u2026,,,,,
220,\u201cthe,pandemic,face,today,longer,resolved,individual,country.\u201d\n\nchinese,billionaire,jack,donating,500,,,,
221,today,stare,opv,day,5555555my,eye,gon,turn,red,cheek,gon,hurt,sure,watching,opv,\ud83e\udd23\ud83e\udd23\u2026
222,chick-fila,wasteland,today,guy,like,crazy,,,,,,,,,,
223,abuse\n\n\ud83d\udeaboosting,\n\n,grandma,won\u2019t,even,let,dad,fucking,dying,,,,,,,
224,\u201cthe,pandemic,face,today,longer,resolved,individual,country.\u201d\n\nchinese,billionaire,jack,donating,500,,,,
225,corona,virus,serious,problem,world,today,,,,,,,,,,
226,\u201cmisinformed\u201d,come,quit,afraid,retribution,people,terrified,call,is-,lied,,,,,,
227,met,bad,bitch,today\ud83d\uddathank,\/\/t.co\/0mezcfgxob,,,,,,,,,,,
228,response,suspension,operation,due,wuhancoronavirus,may,tweet,wee\u2026,,,,,,,,
229,retweeting,see,government,handle,covid19,,,,,,,,,,,
230,kung,pao,chicken,chow,mein,today,,,,,,,,,,
231,today,bankrupt,govt,increased,excise,duty,petrol,diesel,rs.each.\n,\/\/t.co\/7yq1ugwdsj,,,,,,
232,response,suspension,operation,due,wuhancoronavirus,may,tweet,wee\u2026,,,,,,,,
233,response,suspension,operation,due,wuhancoronavirus,may,tweet,wee\u2026,,,,,,,,
234,light,sarawak,case,covid1today,,,,,,,,,,,,
235,upcoming,new,song,nishanbhuller,half,shoting,done,yesterday,1pm,9:30pm\n\nsecond,schedule,shooting,star\u2026,,,
236,late,take,rakhine,war,crim,myanmar,tatmadaw,icc.\ngenocide,rakhine,state,burmese,brut\u2026,,,,
237,\u201cthe,pandemic,face,today,longer,resolved,individual,country.\u201d\n\nchinese,billionaire,jack,donating,500,,,,
238,today,announced,employee,store,forced,close,government,order,,,,,,,,
239,mad,personally,responsible,destroying,health,care,alberta,eve,pandemic\u2026,,,,,,,
240,today,bankrupt,govt,increased,excise,duty,petrol,diesel,rs.each.\n,\/\/t.co\/7yq1ugwdsj,,,,,,
241,apparently,sister,coughed,earlier,today,mum\u2019s,response,something,along,line,\u201cin,sickness,h\u2026,,,
242,i\u2019m,seeing,timeline,corona,virus,...,let\u2019s,change,that.\ud83d\ude4c\ud83c\udffb\n\nlet\u2019s,make,random,bottle,who\u2019s,m\u2026,,
243,cfo,100m,business,called,today,business,advice,\n\nin,case,wondering,lol,\/\/t.co\/9azpaygwgn,,,,
244,think,mix,matched,eye,lash,today,\ud83d\ude2d,,,,,,,,,
245,one,trillion,half,dollar,basically,lit,fire,today,guy,,,,,,,
246,saw,life,flash,eye,today,amp,amp,know,foolish,hell,cause,still,weak,\ud83e\udd23\ud83e\udd23\ud83e\udd23\ud83e\udd23,,
247,never,lifetime,seen,country,stark,raving,mad,today,dems,cry,open,border,pandem\u2026,,,
248,idaho,case,4pm,today,one,far,quarantine,home,,,,,,,,
249,today,emergency,order,allow,secretary,waive,applicable,rule,regulation,give,doctor,,,,,
250,\u201cthe,pandemic,face,today,longer,resolved,individual,country.\u201d\n\nchinese,billionaire,jack,donating,500,,,,
251,government,made,best,call,today,everyone,arriving,new,zealand,placed,quarantine,1days,midnight,sunday,,
252,want,fight,coronavirus,,,,,,,,,,,,,
253,today,stare,opv,day,5555555my,eye,gon,turn,red,cheek,gon,hurt,sure,watching,opv,\ud83e\udd23\ud83e\udd23\u2026
254,\u201cthe,pandemic,face,today,longer,resolved,individual,country.\u201d\n\nchinese,billionaire,jack,donating,500,,,,
255,today,trumppressconference,said,didn\u2019t,know,pandemic,response,team,fired,,,,,,,
256,got,stuff,last,week,earlier,week,madness,began,knew,inevitable,produ\u202\/\/t.co\/jpofx47bze,,,,,
257,maybe,you\u2019re,lonely,1followers.\n\ntoday,,,,,,,,,,,,
258,today,emergency,order,allow,secretary,waive,applicable,rule,regulation,give,doctor,,,,,
259,never,history,government,incredibly,servile,,,,,,,,,,,
260,met,bad,bitch,today\ud83d\uddathank,\/\/t.co\/0mezcfgxob,,,,,,,,,,,
261,swear,got,exercise,today,shaking,head,disbelief,amount,crazy,people,getting,toilet\u2026,,,,
262,check,scene,fairfield,costco,today,store,hit,max,capacity,police,called,fight,broke,out\u2026,,
263,***ish,world,domination,scheme,based,brainwashing,everyone,belief,human,equality\,\n\nwe,know,t\u2026,,,
264,guy,know,pneumonic,plague,actually,similar,symptom,coronavirus,,,,,,,,
265,walked,walma,today,\ud83d\udcaf\ud83d\udcaf,everyone,going,insane,\ud83d\udcaf\ud83d\udcaf\ud83d\udcaf,got,anxious,\ud83d\udcaf\ud83d\udcaf,walked,right,back,\ud83d\udcaf\ud83d\udcaf\ud83d\udcaf,
266,something,serious,going,four,case,diagnosed,rural,landlocked,montana,today,,,,,,
267,today,veteran,member,phila,swat,shot,killed,trying,serve,warrant,criminal,repeatedly,set,fre\u2026,,
268,today,emergency,order,allow,secretary,waive,applicable,rule,regulation,give,doctor,,,,,
269,\u201cthe,pandemic,face,today,longer,resolved,individual,country.\u201d\n\nchinese,billionaire,jack,donating,500,,,,
270,kid,made,a\u2019s,elementary,school,depressed,today,,,,,,,,,
271,\u201cthe,pandemic,face,today,longer,resolved,individual,country.\u201d\n\nchinese,billionaire,jack,donating,500,,,,
272,today,actually,decided,celebrate,scar,wow,'re,lowkey,fire.\ud83d\ude05\ud83d\ude0d,\/\/t.co\/kiye3nalpa,,,,,,
273,crazy,bible,warns,world,we\u2019re,living,today..,,,,,,,,,
274,mek,home,fry,chicken,,,,,,,,,,,,
275,swine,flu,n't,suspend,anything,,,,,,,,,,,
276,hate,people,call,'pi'day,today,22\/you,mongrel,,,,,,,,,
277,response,suspension,operation,due,wuhancoronavirus,may,tweet,wee\u2026,,,,,,,,
278,today,bankrupt,govt,increased,excise,duty,petrol,diesel,rs.each.\n,\/\/t.co\/7yq1ugwdsj,,,,,,
279,today,bankrupt,govt,increased,excise,duty,petrol,diesel,rs.each.\n,\/\/t.co\/7yq1ugwdsj,,,,,,
280,\u201cthe,pandemic,face,today,longer,resolved,individual,country.\u201d\n\nchinese,billionaire,jack,donating,500,,,,
281,believe,make,west,virginia,state,without,reported,case,\/\/t.co\/wrpibcoa74,,,,,,,
282,hospital,tried,order,ventilators.\nthe,funding,said,ventilator,got,denied,federal,government.\n\nwe,ha\u2026,,,,
283,today,bankrupt,govt,increased,excise,duty,petrol,diesel,rs.each.\n,\/\/t.co\/7yq1ugwdsj,,,,,,
284,response,suspension,operation,due,wuhancoronavirus,may,tweet,wee\u2026,,,,,,,,
285,missing,today,\/\/t.co\/mo5prhvv5s,,,,,,,,,,,,,
286,let,prayer,faith,god,\npowerful,problem,misery,facing,today,vir\u202\/\/t.co\/ezt4tb4erp,,,,,,
287,watch,cnn,dana,bash,describe,trump,administration,war,effort\,show,force\,today,combat,coronavirus.\u2026,,
288,life,shit,world,shit,half,teen,supposed,future,wan,die,suicid\u202\/\/t.co\/nchvgxtn2y,,,,,
289,een,tryna,look,bank,account,dun,went,crazy,today,\ud83e\udd74,,,,,,
290,vaathistepu,challenge,accepted,bruhh\ud83d\udcaa\ud83c\udffb\npromo,version,\u0bb5\u0bbe\u0ba4\u0bcd\u0ba4\u0bbf\u0b95\u0bae\u0bcd\u0bae\u0bbf\u0b99\u0bcd\u0b92\u0ba4\u0bcd\u0ba4\u0bc\ud83d\udd25wid,kikisdances\u2026,,,,,,,,,
291,ugh,girl,mini,anxiety,attack,today,\ud83d\ude25,,,,,,,,,
292,pandemic,proof,podcasting,today,aiello,bat,eater,,,,,,,,,
293,number,coronavirus,case,rise,2in,south,africa,\/\/t.co\/notpavfvpu,,,,,,,,
294,counteract,bad,luck,sending,stop,negative,energy,today,worshipping,me.\n\ni,wicked,witch,who\u2026,,,
295,\u201cthe,pandemic,face,today,longer,resolved,individual,country.\u201d\n\nchinese,billionaire,jack,donating,500,,,,
296,today\namateur,challenge,match,up\nwinner,korea,open,championship,\u202\/\/t.co\/k5wnkqg6vq,,,,,,,,
297,\u201cthe,pandemic,face,today,longer,resolved,individual,country.\u201d\n\nchinese,billionaire,jack,donating,500,,,,
298,\u201cthe,pandemic,face,today,longer,resolved,individual,country.\u201d\n\nchinese,billionaire,jack,donating,500,,,,
299,omg,funny,\nfunniest,trunk,today,waved,crazy,thier,headed,right,the\u2026,,,,,
300,today,bankrupt,govt,increased,excise,duty,petrol,diesel,rs.each.\n,\/\/t.co\/7yq1ugwdsj,,,,,,
301,a.m.,160reported,case,virus,,,,,,,,,,,,
302,latest,update,covid-1in,new,york,city,\n\nas,today,15confirmed,positive,case,covid-19,h\u2026,,,
303,watch,cnn,dana,bash,describe,trump,administration,war,effort\,show,force\,today,combat,coronavirus.\u2026,,
304,\u201cthe,pandemic,face,today,longer,resolved,individual,country.\u201d\n\nchinese,billionaire,jack,donating,500,,,,
305,went,local,butcher,shop,today,line,,,,,,,,,,
306,yesterday,monkey,gang,,,,,,,,,,,,,
307,instead,forced,watch,everyone,love,today,decided,pas,away,,,,,,,
308,five-tool,future,dad,restrained,disappointment,,,,,,,,,,,
309,today,emergency,order,allow,secretary,waive,applicable,rule,regulation,give,doctor,,,,,
310,today,bankrupt,modi,govt,increased,excise,duty,petrol,diesel,\u20b93\/litre.\n\n\u092c\u0939\u0941\u092\u0939\u0941\u090\u092e\u0939\u0901\u0917\u093e\u090\u0915\u094\u092e\u093e\u0930,,,,,,
311,***ish,world,domination,scheme,based,brainwashing,everyone,belief,human,equality\,\n\nwe,know,t\u2026,,,
312,want,fight,coronavirus,,,,,,,,,,,,,
313,today,bankrupt,govt,increased,excise,duty,petrol,diesel,rs.each.\n,\/\/t.co\/7yq1ugwdsj,,,,,,
314,want,fight,coronavirus,,,,,,,,,,,,,
315,\u201cthe,pandemic,face,today,longer,resolved,individual,country.\u201d\n\nchinese,billionaire,jack,donating,500,,,,
316,happens,work,private,sector,solve,problem,rather,trying,force,private,sect\u2026,,,,,
317,abortion,clinic,remain,open,today,,,,,,,,,,,
318,today,bankrupt,govt,increased,excise,duty,petrol,diesel,rs.each.\n,\/\/t.co\/7yq1ugwdsj,,,,,,
319,met,bad,bitch,today\ud83d\uddathank,\/\/t.co\/0mezcfgxob,,,,,,,,,,,
320,today,bankrupt,govt,increased,excise,duty,petrol,diesel,rs.each.\n,\/\/t.co\/7yq1ugwdsj,,,,,,
321,let,prayer,faith,god,powerful,problem,misery,facing,today,virus,,,,,,
322,htbi,10-day,moving,average,broke,50-day,moving,average,february,,,,,,,
323,may,utero,transmission,virus,today,truly,insane,,,,,,,,,
324,upcoming,new,song,nishanbhuller,half,shoting,done,yesterday,1pm,9:30pm\n\nsecond,schedule,shooting,star\u2026,,,
325,got,fight,guest,today,instead,yay,\ud83e\udd2a\ud83e\udd2a,,,,,,,,,
326,\u201cthe,pandemic,face,today,longer,resolved,individual,country.\u201d\n\nchinese,billionaire,jack,donating,500,,,,
327,today,emergency,order,allow,secretary,waive,applicable,rule,regulation,give,doctor,,,,,
328,fire,108eunos,ave,\n\nat,5.25am,today,,,,,,,,,,
329,response,suspension,operation,due,wuhancoronavirus,may,tweet,wee\u2026,,,,,,,,
330,thumbnail,said,cix,loud,crazy,,,,,,,,,,,
331,met,bad,bitch,today\ud83d\uddathank,\/\/t.co\/0mezcfgxob,,,,,,,,,,,
332,aries,today,make,horrible,choice,sending,life,careening,tailspin,terror,next,time,use,better,l\u2026,
333,met,bad,bitch,today\ud83d\uddathank,\/\/t.co\/0mezcfgxob,,,,,,,,,,,
334,mind,blowing,must,listen,\ud83d\udc4d\nit,clarifies,doubt,,,,,,,,,
335,\u201cthe,pandemic,face,today,longer,resolved,individual,country.\u201d\n\nchinese,billionaire,jack,donating,500,,,,
336,n't,europe,scream,twitterati,\n\ntoday,new,case,new,deaths\n\nuk,20\/,1\n\nitaly\u2026,,,,,
337,today,bankrupt,govt,increased,excise,duty,petrol,diesel,rs.each.\n,\/\/t.co\/7yq1ugwdsj,,,,,,
338,criminal,today,family,booked,please,self,quarantine,believe,social,distancing\u202\/\/t.co\/mq3tosxz3s,,,,,,
339,fact,\n\nit,took,obama,month,declare,swine,flu,national,health,emergency\u20141,,,,,
340,aint,band,made,fire,flame,,,,,,,,,,,
341,new,covid1us,case,per,day,took,month,hit,100cases,,,,,,,
342,missed,hanging,someone,today,\ud83d\ude14\ud83d\ude14,,,,,,,,,,,
343,today,absolutely,hell,i\u2019m,gon,draw,horny,,,,,,,,,
344,kudrati,mask,nahi,mil,rahe,\ud83d\ude0this,ridiculous,paicipating,protest,government,role,today,they\u202\/\/t.co\/mpj31p8vxd,,,
345,met,bad,bitch,today\ud83d\uddathank,\/\/t.co\/0mezcfgxob,,,,,,,,,,,
346,light,sarawak,case,covid1today,,,,,,,,,,,,
347,muzlims,killing,muzlims,somalia,,,,,,,,,,,,
348,corona,make,y\u2019all,even,retarded,today,super,fucking,cringe,,,,,,,
349,september,2021.,pandemic,,,,,,,,,,,,,
350,karma,really,bitch,minister,security,,,,,,,,,,,
351,today,bankrupt,govt,increased,excise,duty,petrol,diesel,rs.each.\n,\/\/t.co\/7yq1ugwdsj,,,,,,
352,didn\u2019t,confirm,today,testing,covid-19,may,contagious,spreading,unknowi\u2026,,,,,,,
353,case,forgot,today,,,,,,,,,,,,,
354,today,emergency,order,allow,secretary,waive,applicable,rule,regulation,give,doctor,,,,,
355,yesterday,monkey,gang,,,,,,,,,,,,,
356,\ud83d\udeajust,announced,\ud83d\udea8\n\nmy,new,book,available,pre-order,today,\n\ni,decisively,refute,new,face,socialism,amp,make\u2026
357,september,2021.,pandemic,,,,,,,,,,,,,
358,\u201cthe,pandemic,face,today,longer,resolved,individual,country.\u201d\n\nchinese,billionaire,jack,donating,500,,,,
359,broke,,,,,,,,,,,,,,,
360,bos,breaking,rule,today,\ud83e\udd23\ud83d\ude02\ud83d\ude2d,\/\/t.co\/ht7nz8hf3r,,,,,,,,,,
361,\u201cthe,pandemic,face,today,longer,resolved,individual,country.\u201d\n\nchinese,billionaire,jack,donating,500,,,,
362,anti,big,fat,white,nasty,smelling,fat,bitch,took,mfkin,schedule,trifflin,d\u202\/\/t.co\/raabknpfql,,,
363,\u201cthe,pandemic,face,today,longer,resolved,individual,country.\u201d\n\nchinese,billionaire,jack,donating,500,,,,
364,okay,today,truly,cursed,day,almost,accident,somebody,came,complete,stop,sideways,in\u202\/\/t.co\/snkdm49k9g,,,
365,absolutely,disgusting,bernie,bros,trying,suggest,biden,wandered,camera,livestream,event,toda\u2026,,,,
366,abortion,clinic,remain,open,today,,,,,,,,,,,
367,change,name,katie,fucking,porter,katie,fucking,porter,,,,,,,,
368,global,pandemic,national,emergency,declared,today,,,,,,,,,,
369,global,pandemic,national,emergency,declared,today,,,,,,,,,,
370,\u201cthe,pandemic,face,today,longer,resolved,individual,country.\u201d\n\nchinese,billionaire,jack,donating,500,,,,
371,anybody,else,wan,me-ing,today,,,,,,,,,,,
372,blackvelvet,gurll,gang,gang,\ud83e\udd19\ud83c\udffb\n,\u202\/\/t.co\/xxcyglwax6,,,,,,,,,,
373,saree,promised,today..,wan,remove,see,sexy,theighs,ass..rt,tell,view,com\u2026,,,,
374,woman,security,still,remains,distant,dream,\nwe,still,recovered,horror,priyankareddy,case,,,,
375,touch,year,old,today,let,forget,taeil,went,crazy,last,4seconds,song,\/\/t.co\/avdt\u2026,,,
376,democrat,silent,yet,directly,responsible,deadly,disease,,,,,,,,,
377,today,bankrupt,govt,increased,excise,duty,petrol,diesel,rs.each.\n,\/\/t.co\/7yq1ugwdsj,,,,,,
378,wouldn\u2019t,come,car,rain,two,week,see,pollen,ghetto,,,,,,,
379,believe,coronavirus,pandemic,worse,u.s.,today,donald,trump,president,,,,,,,
380,vaathistepu,challenge,accepted,bruhh\ud83d\udcaa\ud83c\udffb\npromo,version,\u0bb5\u0bbe\u0ba4\u0bcd\u0ba4\u0bbf\u0b95\u0bae\u0bcd\u0bae\u0bbf\u0b99\u0bcd\u0b92\u0ba4\u0bcd\u0ba4\u0bc\ud83d\udd25wid,kikisdances\u2026,,,,,,,,,
381,met,bad,bitch,today\ud83d\uddathank,\/\/t.co\/0mezcfgxob,,,,,,,,,,,
382,today,stare,opv,day,5555555my,eye,gon,turn,red,cheek,gon,hurt,sure,watching,opv,\ud83e\udd23\ud83e\udd23\u2026
383,week,ago,italy,32confirmed,case,coronavirus\nweek,ago,,,,,,,,,
384,met,bad,bitch,today\ud83d\uddathank,\/\/t.co\/0mezcfgxob,,,,,,,,,,,
385,fact,\n\nit,took,obama,month,declare,swine,flu,national,health,emergency\u20141,,,,,
386,oblivion,opened,2years,ago,today,\/\/t.co\/pvz6brhx3i,,,,,,,,,,
387,\u201cthe,pandemic,face,today,longer,resolved,individual,country.\u201d\n\nchinese,billionaire,jack,donating,500,,,,
388,past,month,hell,without,used,wake,either,bad,news,nothing,\n\nbut,today,,,,
389,global,pandemic,national,emergency,declared,today,,,,,,,,,,
390,ignor-ance,pandemic,concern,i\u2019m,hoping,variety,serve,wake,sheeple,up\u202\/\/t.co\/inaxnhycl6,,,,,,
391,pandemic,day,shift,today,read,~8emails,colleague,trying,scramble,cover,other\u2019s,shift,b\u2026,,,
392,parent,didnt,want,friend,dont,risk,catching,virus,problem,m\u202\/\/t.co\/2qzwnurcz6,,,,,,
393,\u201cthe,pandemic,face,today,longer,resolved,individual,country.\u201d\n\nchinese,billionaire,jack,donating,500,,,,
394,met,bad,bitch,today\ud83d\uddathank,\/\/t.co\/0mezcfgxob,,,,,,,,,,,
395,*\ud83d\udc23forget,yesterday-,it\u2019s,already,forgotten,*\n*don\u2019t,sweat,tomorrow-you,haven\u2019t,even,met,*\n*instead,open,eye,an\u2026,
396,\u201cthe,pandemic,face,today,longer,resolved,individual,country.\u201d\n\nchinese,billionaire,jack,donating,500,,,,
397,today,emergency,order,allow,secretary,waive,applicable,rule,regulation,give,doctor,,,,,
398,ngl,fan,eustass,since,pre,ima,change,starting,today,\/\/t.co\/lemga39dkp,,,,,,
399,\u201cthe,pandemic,face,today,longer,resolved,individual,country.\u201d\n\nchinese,billionaire,jack,donating,500,,,,
400,wanted,fire,wing,today,\ud83d\udc33,,,,,,,,,,,
401,response,suspension,operation,due,wuhancoronavirus,may,tweet,wee\u2026,,,,,,,,
402,lady,need,eye,candy,today,show,penis,ravine,cut,hotness,peni\u2026,,,,,
403,incase,haven\u2019t,sarawat-ing,today,\/\/t.co\/swzerawcdl,,,,,,,,,,,
404,\u2066\u206using,coronavirus,already,killing,american,help,kill,even,americans.\n\nwonder,she\u2019s,p\u2026,,,,,
405,wouldn\u2019t,fly,definitely,wouldn\u2019t,hurt,,,,,,,,,,,
406,global,pandemic,,,,,,,,,,,,,,
407,shoot,day,today,steve,carmella,bing,\/\/t.co\/y2jqxefke6,,,,,,,,,
408,communal,riot,exploded,delhi,,,,,,,,,,,,
409,excise,duty,petrol,government,raise,excise,duty,petrol,,,,,,,,
410,*\ud83d\udc23forget,yesterday-,it\u2019s,already,forgotten,*\n*don\u2019t,sweat,tomorrow-you,haven\u2019t,even,met,*\n*instead,open,eye,an\u2026,
411,today,bankrupt,govt,increased,excise,duty,petrol,diesel,rs.each.\n,\/\/t.co\/7yq1ugwdsj,,,,,,
412,deborah,birx,dr.,fauci,downplayed,failure,testing,dr.,fauci,testify,yesterday,t\u2026,,,,
413,legitimately,whooooooooooooole,panic,attack,that\u2019s,enough,internet,today,goodnight,,,,,,,
414,strangled,'18,fuck,used,assault,fuher,harm,catalyst,amp,cohor\u202\/\/t.co\/mz8viltgfe,,,,,,
415,die,today,give,another,life\ud83d\udde3\ud83d\udde3\ud83d\udde3\ud83d\udde3\ud83d\udde3\ud83d\udde3\ud83d\udde3\ud83d\udde3\ud83d\udde3\ud83d\udde3,,,,,,,,,,,
416,today,announced,new,tool,help,albertans,combat,covid19,\n\n\ud83d\udc77\u200d\u2640\ufe0f1days,paid,job-protected,leave\n\u260e\ufe0f,big,boost,healt\u2026,
417,insanity,,,,,,,,,,,,,,,
418,guy,fuck,fell,ambulance,today,i\u2019ve,never,busted,hard,entire,life,...,possibly,concusse\u202\/\/t.co\/pe4z674t6s,,
419,government,declared,emergency,state\n\nwe,20+,officially,confirmed,cases\n\nrestaurants,,,,,,,,
420,fact,\n\nit,took,obama,month,declare,swine,flu,national,health,emergency\u20141,,,,,
421,democrat,silent,yet,directly,responsible,deadly,disease,,,,,,,,,
422,met,bad,bitch,today\ud83d\uddathank,\/\/t.co\/0mezcfgxob,,,,,,,,,,,
423,put,chill,day,serialkiller,thriller,\u2049\ufe0f,book,last,cold,case,series,waiting,for\u2026,,,
424,global,pandemic,national,emergency,declared,today,,,,,,,,,,
425,invader,receive,treatment,people,built,hospital,,,,,,,,,,
426,believe,coronavirus,pandemic,worse,u.s.,today,donald,trump,president,,,,,,,
427,50dollars,182would,equivalent,much,today,incredible,law,made,cripple,an\u202\/\/t.co\/7hws4uwmta,,,,,,
428,thumbnail,said,cix,loud,crazy,,,,,,,,,,,
429,met,bad,bitch,today\ud83d\uddathank,\/\/t.co\/0mezcfgxob,,,,,,,,,,,
430,two,dragon,yakuza,ryu,gotoku,chikai,basho,2015,,,,,,,,
431,breaking,federal,court,order,deposition,hillary,clinton,email,benghazi,attack,record,rule,prior,testimony,l\u2026,
432,coworker,today,black,force,\ud83d\ude1i,shooketh,,,,,,,,,,
433,insanity,,,,,,,,,,,,,,,
434,\u201cthe,pandemic,face,today,longer,resolved,individual,country.\u201d\n\nchinese,billionaire,jack,donating,500,,,,
435,case,someone,insulted,today,,,,,,,,,,,,
436,abuse\n\n\ud83d\udeaboosting,\n\n,grandma,won\u2019t,even,let,dad,fucking,dying,,,,,,,
437,going,see,mum,,,,,,,,,,,,,
438,\u201cthe,pandemic,face,today,longer,resolved,individual,country.\u201d\n\nchinese,billionaire,jack,donating,500,,,,
439,met,bad,bitch,today\ud83d\uddathank,\/\/t.co\/0mezcfgxob,,,,,,,,,,,
440,someone,yelled,today,bear,apparently,bear,anywhere,outside,forest,upsetting,hu\u2026,,,,,
441,w.h.o,offered,u.s.,test,ago,ignorant,egotistical,maniac,said,no\,\n\nthere,were\u2026,,,,
442,i\u2019ve,said,lot,today\n\nthe,panic,virus\n\nthe,panic,people,had\u202\/\/t.co\/gwadtqjds2,,,,,,,
443,prison,195were,humane,prison,today,siegel,,,,,,,,,,
444,you\u2019re,talking,disease,century,ago,without,t\u202\/\/t.co\/upyccyw9bw,,,,,,,,,
445,doh,office,closed,staff,sent,home,today,many,case,today,source,tell,were\u2026,,,
446,went,youth,service,today,amp,instead,shaking,hand,,,,,,,,
447,man,murdered,cop,4:30am,today,wasn\u2019t,even,suspect,murdered,redflag,law,g\u2026,,,,
448,driving,newcastle,tweed,head,today,take,granddad,hospital,couldn\u2019t\u2026,,,,,,,
449,today,awful,,,,,,,,,,,,,,
450,lot,russian,paid,troll,trying,make,joe,look,bad,simple,mistake,anyone,listen,trump\u202\/\/t.co\/1cn7u1b9hv,,
451,today,really,cursed,huh,,,,,,,,,,,,
452,yesterday,listened,bad,metcalcore,liked,like,2001-200and,today,listened,10gecs,day,,,,,
453,epidemic,show,bankrupt,whole,'small,government,privat\u2026,,,,,,,,,
454,tear,eye,attended,funeral,today,bad,day\u202\/\/t.co\/fakkonnn2j,,,,,,,,,
455,today,bankrupt,govt,increased,excise,duty,petrol,diesel,rs.each.\n,\/\/t.co\/7yq1ugwdsj,,,,,,
456,i\u2019ve,never,bad,friday,thirteenth,today,exception,thanks,reading,sharing,article,,,,,
457,\u201cthe,pandemic,face,today,longer,resolved,individual,country.\u201d\n\nchinese,billionaire,jack,donating,500,,,,
458,leftist,probably,don\u2019t,even,know,ammo,shortage,2008,\n\nthe,thing,eventually,sto\u2026,,,,
459,sister,chelseamanning,released,prison,need,help,getting,debt,state,of\u2026,,,,,,
460,wrote,today,get,shoot,\ud83d\ude2c,shootday,\/\/t.co\/iid7etycsm,,,,,,,,,
461,oil,set,biggest,weekly,thumping,since,200\/\/t.co\/zpqpyv4a3p,energy,via,,,,,,,
462,stock,soared,friday\u00a0as,wall,street,rebounded,sharp,loss,suffered,previous,session,...,\n\noutstanding,\u2026,,
463,today,emergency,order,allow,secretary,waive,applicable,rule,regulation,give,doctor,,,,,
464,wan,add,people,bought,7pounds,fish,today,,,,,,,,,
465,insanity,\/\/t.co\/hjta2bjd8r,,,,,,,,,,,,,,
466,today,proven,bad,don\u2019t,need,someone,make,bad,bitch,,,,,,,
467,you\u2019re,trying,kill,today,,,,,,,,,,,,
468,past,month,hell,without,used,wake,either,bad,news,nothing,\n\nbut,today,,,,
469,met,bad,bitch,today\ud83d\uddathank,\/\/t.co\/0mezcfgxob,,,,,,,,,,,
470,heart,hurt,sport,world,today,,,,,,,,,,,
471,met,bad,bitch,today\ud83d\uddathank,\/\/t.co\/0mezcfgxob,,,,,,,,,,,
472,global,pandemic,national,emergency,declared,today,,,,,,,,,,
473,schedule,\n\ncix,crazy,game,party\n\u260today,\u316march,,,,,,,,,,
474,insanity,,,,,,,,,,,,,,,
475,game,day,\n\nconker\u2019s,bad,fur,day,2001,\n\nin,one,gaming\u2019s,stunning,u-turn,,,,
476,pandemic,day,shift,today,read,~8emails,colleague,trying,scramble,cover,other\u2019s,shift,b\u2026,,,
477,new,\u2018epicentre\u201of,global,virus,pandemic,declared,europe,\u201cepicentre\u201d,global,coronavirus,pandemic\u202\/\/t.co\/67ddlvjykt,,,,,
478,broken,ulit,ako,today,hahahahahaha,bwisit,jinx,,,,,,,,,
479,want,fight,coronavirus,,,,,,,,,,,,,
480,lot,heavy,military,equipment,,,,,,,,,,,,
481,today,trumppressconference,said,didn\u2019t,know,pandemic,response,team,fired,,,,,,,
482,maybe,'ve,yelled,panic,press,conference,today,,,,,,,,,
483,thread,detailed,western,government,height,wwi,sought,cover,rising,pandemic,i\u2026,,,,,
484,\u201cthe,pandemic,face,today,longer,resolved,individual,country.\u201d\n\nchinese,billionaire,jack,donating,500,,,,
485,today,stare,opv,day,5555555my,eye,gon,turn,red,cheek,gon,hurt,sure,watching,opv,\ud83e\udd23\ud83e\udd23\u2026
486,chick-fila,wasteland,today,guy,like,crazy,,,,,,,,,,
487,abuse\n\n\ud83d\udeaboosting,\n\n,grandma,won\u2019t,even,let,dad,fucking,dying,,,,,,,
488,\u201cthe,pandemic,face,today,longer,resolved,individual,country.\u201d\n\nchinese,billionaire,jack,donating,500,,,,
489,corona,virus,serious,problem,world,today,,,,,,,,,,
490,\u201cmisinformed\u201d,come,quit,afraid,retribution,people,terrified,call,is-,lied,,,,,,
491,met,bad,bitch,today\ud83d\uddathank,\/\/t.co\/0mezcfgxob,,,,,,,,,,,
492,response,suspension,operation,due,wuhancoronavirus,may,tweet,wee\u2026,,,,,,,,
493,retweeting,see,government,handle,covid19,,,,,,,,,,,
494,kung,pao,chicken,chow,mein,today,,,,,,,,,,
495,today,bankrupt,govt,increased,excise,duty,petrol,diesel,rs.each.\n,\/\/t.co\/7yq1ugwdsj,,,,,,
496,response,suspension,operation,due,wuhancoronavirus,may,tweet,wee\u2026,,,,,,,,
497,response,suspension,operation,due,wuhancoronavirus,may,tweet,wee\u2026,,,,,,,,
498,light,sarawak,case,covid1today,,,,,,,,,,,,
499,upcoming,new,song,nishanbhuller,half,shoting,done,yesterday,1pm,9:30pm\n\nsecond,schedule,shooting,star\u2026,,,
500,late,take,rakhine,war,crim,myanmar,tatmadaw,icc.\ngenocide,rakhine,state,burmese,brut\u2026,,,,
501,\u201cthe,pandemic,face,today,longer,resolved,individual,country.\u201d\n\nchinese,billionaire,jack,donating,500,,,,
502,today,announced,employee,store,forced,close,government,order,,,,,,,,
503,mad,personally,responsible,destroying,health,care,alberta,eve,pandemic\u2026,,,,,,,
504,today,bankrupt,govt,increased,excise,duty,petrol,diesel,rs.each.\n,\/\/t.co\/7yq1ugwdsj,,,,,,
505,apparently,sister,coughed,earlier,today,mum\u2019s,response,something,along,line,\u201cin,sickness,h\u2026,,,
506,i\u2019m,seeing,timeline,corona,virus,...,let\u2019s,change,that.\ud83d\ude4c\ud83c\udffb\n\nlet\u2019s,make,random,bottle,who\u2019s,m\u2026,,
507,cfo,100m,business,called,today,business,advice,\n\nin,case,wondering,lol,\/\/t.co\/9azpaygwgn,,,,
508,think,mix,matched,eye,lash,today,\ud83d\ude2d,,,,,,,,,
509,one,trillion,half,dollar,basically,lit,fire,today,guy,,,,,,,
510,saw,life,flash,eye,today,amp,amp,know,foolish,hell,cause,still,weak,\ud83e\udd23\ud83e\udd23\ud83e\udd23\ud83e\udd23,,
511,never,lifetime,seen,country,stark,raving,mad,today,dems,cry,open,border,pandem\u2026,,,
512,idaho,case,4pm,today,one,far,quarantine,home,,,,,,,,
513,today,emergency,order,allow,secretary,waive,applicable,rule,regulation,give,doctor,,,,,
514,\u201cthe,pandemic,face,today,longer,resolved,individual,country.\u201d\n\nchinese,billionaire,jack,donating,500,,,,
515,government,made,best,call,today,everyone,arriving,new,zealand,placed,quarantine,1days,midnight,sunday,,
516,want,fight,coronavirus,,,,,,,,,,,,,
517,today,stare,opv,day,5555555my,eye,gon,turn,red,cheek,gon,hurt,sure,watching,opv,\ud83e\udd23\ud83e\udd23\u2026
518,\u201cthe,pandemic,face,today,longer,resolved,individual,country.\u201d\n\nchinese,billionaire,jack,donating,500,,,,
519,today,trumppressconference,said,didn\u2019t,know,pandemic,response,team,fired,,,,,,,
520,got,stuff,last,week,earlier,week,madness,began,knew,inevitable,produ\u202\/\/t.co\/jpofx47bze,,,,,
521,maybe,you\u2019re,lonely,1followers.\n\ntoday,,,,,,,,,,,,
522,today,emergency,order,allow,secretary,waive,applicable,rule,regulation,give,doctor,,,,,
523,never,history,government,incredibly,servile,,,,,,,,,,,
524,met,bad,bitch,today\ud83d\uddathank,\/\/t.co\/0mezcfgxob,,,,,,,,,,,
525,swear,got,exercise,today,shaking,head,disbelief,amount,crazy,people,getting,toilet\u2026,,,,
526,check,scene,fairfield,costco,today,store,hit,max,capacity,police,called,fight,broke,out\u2026,,
527,***ish,world,domination,scheme,based,brainwashing,everyone,belief,human,equality\,\n\nwe,know,t\u2026,,,
