0,amp,dance,vaathistepu,totally,unmissable,\ud83d\ude0e\ud83d\udc83\n\ncheck,\ud83d\udca5\n\n,vaathic\u2026,,,,,,,,
1,found,today,dog,,,,,,,,,,,,,
2,found,today,dog,,,,,,,,,,,,,
3,found,today,dog,,,,,,,,,,,,,
4,today,year,old,found,season,allergy,,,,,,,,,,
5,feel,blessed,year,ago,took,week,make,40and,make,40a,day.\n\nthree,year,ago,wishe\u2026,,
6,please,prayer,baby,sister,missing,since,'re,durham,name,sarah,black,pray\u2026,,,,
7,\u2066\u206look,wife,found,sobey\u2019s,sydney,today,thing,set,lockdown,i\u2026,,,,,,
8,today,'re,shooting,beach,scene,beach,\n\nnew,scene,\ud83d\ude31\ud83d\ude31\n\nbring,\n\n,whyrutheseries,zaintsee,,,,
9,hate,people,ask,i\u2019m,wearing,faja,...,like,baby,week,ago,today,d\u00e9jenme,paz,\ud83d\ude12,
10,today,lost,friend,hand,death.\n\nhe,died,sleep,\ud83d\ude2a\ud83d\ude29,,,,,,,,
11,today,terrible,man,besides,music,,,,,,,,,,,
12,found,today,dog,,,,,,,,,,,,,
13,boomer,friend,wild,told,friend,come,chill,today,tell,coming,noon,wild,bro,,,
14,love,thank,\ud83d\udc99,,,,,,,,,,,,,
15,found,today,dog,,,,,,,,,,,,,
16,today,child,asked,\u201cam,going,die,\u201d,friend,asked,,,,,,,
17,please,prayer,baby,sister,missing,since,'re,durham,name,sarah,black,pray\u2026,,,,
18,decided,switch,amp,red,enchilada,instead,green,today,\ud83d\ude0b,\/\/t.co\/jstxnv2dxx,,,,,,
19,lol,hobby,lobby,guy,basically,bought,dime,bag,oregano,isi,\/\/t.co\/ewreo1kgkv,,,,,
20,gone,hour,today,dog,peed,bed,we\u2019re,sleep,couch,that\u2019ll,teach,,,,,
21,nothing,thankful,everything,gone,people,i\u2019ve,loved,lost,,,,,,,,
22,\ud83d\ude2d\ud83d\ude2d\ud83d\ude2d,laughing,clown,right,\ud83d\ude2d\ud83d\ude2d\ud83d\ude2d\nlet,add,pain,today,hashtag,wonhoiscleared\nkar\u2026,,,,,,
23,\ud83d\ude2d\ud83d\ude2d\ud83d\ude2d,laughing,clown,right,\ud83d\ude2d\ud83d\ude2d\ud83d\ude2d\nlet,add,pain,today,hashtag,wonhoiscleared\nkar\u2026,,,,,,
24,amen,sister,,,,,,,,,,,,,,
25,reliving,every,moment,telling,story,today,never,share,childhood,traumas..,,,,,,
26,baby,rocking,everywhere,kavin,lift,,,,,,,,,,,
27,got,type,love,affection,today,smh,wack,,,,,,,,,
28,today,'re,shooting,beach,scene,beach,\n\nnew,scene,\ud83d\ude31\ud83d\ude31\n\nbring,\n\n,whyrutheseries,zaintsee,,,,
29,blessed,timeline,today,,,,,,,,,,,,,
30,\ud83d\ude2d\ud83d\ude2d\ud83d\ude2d,laughing,clown,right,\ud83d\ude2d\ud83d\ude2d\ud83d\ude2d\nlet,add,pain,today,hashtag,wonhoiscleared\nkar\u2026,,,,,,
31,found,today,dog,,,,,,,,,,,,,
32,trading,crypto,currency,beginning,financial,freedom,\ud83d\udcb5\ud83d\udcb5\nwe,mine,cryptocurrencies,eco-friendly,succ\u2026,,,,,
33,getting,content,,,,,,,,,,,,,,
34,\ud83c\udfc6\ud835\udc0d\ud835\udc14\ud835\udc0c\ud835\udc01\ud835\udc04\ud835\udc1,\ud835\udfcf,\ud835\udc12\ud835\udc04\ud835\udc1\ud835\udc06\ud835\udc00\ud835\udc0c\ud835\udc04\ud83c\udfc6\n\n\u2692build,dream,fuck,friend,\n\ud83d\udee0join,free,sexemulator,today,\n\u26cfteach,different,sex,skill,\u2026,
35,trending,party,maymay,endorsement,today,\n\npm,tag,broadway,gem,graduation,sale,\npm\u2026,,,,
36,could,really,use,hug,today,n't,covid1i,thing,dude,back\u2026,,,,,,
37,beautiful,daughter,turned,1today,going,miss,little,girl,however,beautiful,young,lady,spend,time,,
38,friend,mine,sexually,harassed,man,today,,,,,,,,,,
39,found,today,dog,,,,,,,,,,,,,
40,brand,new,episode,\n\ntoday,topic,\n\ud83d\udd39is,bernie,toast,\n\ud83d\udd39covid-1declared,pandemic\n\ud83d\udd39harvey\u2026,,,,,,
41,\ud83e\udd17i,smiling,yesterday\ud83e\udd17i,smiling,today,smile,tomorrow\ud83e\udd17simply,life,sho,cry,a\u202\/\/t.co\/n5d1jpzfji,,,,,
42,new,steven,tonight,favorite,design,fun,drawing,today,stevenuniverse\u2026,,,,,,,
43,today,'re,shooting,beach,scene,beach,\n\nnew,scene,\ud83d\ude31\ud83d\ude31\n\nbring,\n\n,whyrutheseries,zaintsee,,,,
44,trading,crypto,currency,beginning,financial,freedom,\ud83d\udcb5\ud83d\udcb5\nwe,mine,cryptocurrencies,eco-friendly,succ\u2026,,,,,
45,food,today,made,moroccan,style,hummus,homemade,gluten,free,pitta,\/\/t.co\/c1rpi5lfm2,,,,,
46,make,today,beautiful,can.\nlet,one,take,away,happiness.\nsmile,laugh,negativity,,,,,,
47,look,absolutely,gorgeous,ma\u2019am,,,,,,,,,,,,
48,got,called,photogenic,today,incredible,confidence,boost,guess,pose,ref,teach,pose\u2026,,,,
49,mom,friend,really,made,today,\ud83d\ude2d,\/\/t.co\/akz3nwsfk0,,,,,,,,,
50,occupyhk,activist,supporter,excitedly,waiting,release,chan,kin-man,,,,,,,,
51,never,said,\u201cevil,meat,eaters.\u201d,found,coli,manure,runof\u202\/\/t.co\/bbraxnfofr,,,,,,,
52,occupyhk,activist,supporter,excitedly,waiting,release,chan,kin-man,,,,,,,,
53,276\/50the,green,lantern,season,,,,,,,,,,,,
54,need,smile,today,,,,,,,,,,,,,
55,list,\n\n1,gods\n2,love,thine,neighbour,\n3,believe\n4,wear,armour,god\n5,\n\nestabli\u202\/\/t.co\/10n7i6nava,,,,
56,law,school,cornell,teach,sure,many,people,practicing,law\u202\/\/t.co\/uiaf1jlc0d,,,,,,,
57,tomorrow,playing,majority,stream,gunfight,today,literally,fucking,insane,think,found,place,cod,,,
58,found,today,dog,,,,,,,,,,,,,
59,found,today,dog,,,,,,,,,,,,,
60,\ud83c\udfc6\ud835\udc0d\ud835\udc14\ud835\udc0c\ud835\udc01\ud835\udc04\ud835\udc1,\ud835\udfcf,\ud835\udc12\ud835\udc04\ud835\udc1\ud835\udc06\ud835\udc00\ud835\udc0c\ud835\udc04\ud83c\udfc6\n\n\u2692build,dream,fuck,friend,\n\ud83d\udee0join,free,sexemulator,today,\n\u26cfteach,different,sex,skill,\u2026,
61,went,market,bought,bunch,food,today,ran,bunch,stuff,like,water,bottle,toilet,p\u2026,,
62,trump,stood,rose,garden,today,bossted,doesn\u2019t,take,responsibility,fiasco,doj,court\u2026,,,,
63,went,air,today,love,miami,\/\/t.co\/nhv6cgsxq0,,,,,,,,,,
64,\ud83d\ude2d\ud83d\ude2d\ud83d\ude2d,laughing,clown,right,\ud83d\ude2d\ud83d\ude2d\ud83d\ude2d\nlet,add,pain,today,hashtag,wonhoiscleared\nkar\u2026,,,,,,
65,ancestor,established,benchmark,,,,,,,,,,,,,
66,\ud83c\udfc6\ud835\udc0d\ud835\udc14\ud835\udc0c\ud835\udc01\ud835\udc04\ud835\udc1,\ud835\udfcf,\ud835\udc12\ud835\udc04\ud835\udc1\ud835\udc06\ud835\udc00\ud835\udc0c\ud835\udc04\ud83c\udfc6\n\n\u2692build,dream,fuck,friend,\n\ud83d\udee0join,free,sexemulator,today,\n\u26cfteach,different,sex,skill,\u2026,
67,\ud83d\ude2d\ud83d\ude2d\ud83d\ude2d,laughing,clown,right,\ud83d\ude2d\ud83d\ude2d\ud83d\ude2d\nlet,add,pain,today,hashtag,wonhoiscleared\nkar\u2026,,,,,,
68,hello,got,100,page,essay,wrote,kim,seokjin,one,best,artist,music,industry\u2026,,,
69,found,today,dog,,,,,,,,,,,,,
70,found,today,dog,,,,,,,,,,,,,
71,bombshell,paranoia,daughter,took,baby,daddy,local,,,,,,,,,
72,today,international,school,meal,day,thanks,food,education,program,,,,,,,
73,quick,fruity,doodle,old,crayola,colored,pencil,found,today,\ud83c\udf53\ud83c\udf4a\ud83c\udf4b,\/\/t.co\/kcfobehqan,,,,,
74,found,today,dog,,,,,,,,,,,,,
75,today,'re,shooting,beach,scene,beach,\n\nnew,scene,\ud83d\ude31\ud83d\ude31\n\nbring,\n\n,whyrutheseries,zaintsee,,,,
76,found,today,dog,,,,,,,,,,,,,
77,\ud83c\udfc6\ud835\udc0d\ud835\udc14\ud835\udc0c\ud835\udc01\ud835\udc04\ud835\udc1,\ud835\udfcf,\ud835\udc12\ud835\udc04\ud835\udc1\ud835\udc06\ud835\udc00\ud835\udc0c\ud835\udc04\ud83c\udfc6\n\n\u2692build,dream,fuck,friend,\n\ud83d\udee0join,free,sexemulator,today,\n\u26cfteach,different,sex,skill,\u2026,
78,need,laugh,,,,,,,,,,,,,,
79,joy,filled,adventures\n\ni,awoke,morning,reluctantly,knew,today,could,according,hoped\u202\/\/t.co\/gapmuizhgd,,,,,
80,got,it\ud83d\udca5\ud83e\udd23\ud83d\udc4d\n\nwhy,walmart,rose,garden,today\u2049\ufe0f\n\n\ud83d\udca5to,announce,mirror\ud83d\udca5\ud83d\udc47\u203c\ufe0f\n\n\ud83d\udca5wal,mart,mart,ial,law\ud83d\udca5\ud83c\udf7f\ud83c\udf7f\ud83c\udf7f\n\n,fren,gave,t\u2026,
81,tried,wonho,freedom,today,thought,wonho,freedom,really,good,\/\/t.co\/bjsbdu4lgk,,,,,,
82,\ud83d\ude2d\ud83d\ude2d\ud83d\ude2d,laughing,clown,right,\ud83d\ude2d\ud83d\ude2d\ud83d\ude2d\nlet,add,pain,today,hashtag,wonhoiscleared\nkar\u2026,,,,,,
83,baby,rocking,everywhere,kavin,lift,,,,,,,,,,,
84,ancestor,established,benchmark,,,,,,,,,,,,,
85,tell,boiis,love,,,,,,,,,,,,,
86,found,today,dog,,,,,,,,,,,,,
87,look,i\u2019m,love,\n\nbt2eyewear,amp,light-up,phone,cases\n\nglasses,definitely,bring,new,look,\u2728\nwhile,even,old,phones\u2026
88,showed,love,much,respect,always,it\u2019s,youll,keep,posting,know,made,least\u202\/\/t.co\/cbyni4thee,,,,
89,baby,rocking,everywhere,kavin,lift,,,,,,,,,,,
90,maltipoo,\u2018hazel\u201after,groom,today,give,everyone,bit,cheer,love,\/\/t.co\/gj4a2igtfr,,,,,,
91,case,need,minute,16yr-old,daughter,playing,wedding,day,trouldhagen,grieg.\n\nwe,found,today,tha\u2026,,,
92,amp,dance,vaathistepu,totally,unmissable,\ud83d\ude0e\ud83d\udc83\n\ncheck,\ud83d\udca5\n\n,vaathic\u2026,,,,,,,,
93,\ud83c\udd98only,one,hour,left,...,still,need,around,25at,least,chance,save,...,\ud83c\udd98,,
94,lol,hobby,lobby,guy,basically,bought,dime,bag,oregano,isi,\/\/t.co\/ewreo1kgkv,,,,,
95,\ud83d\ude2d\ud83d\ude2d\ud83d\ude2d,laughing,clown,right,\ud83d\ude2d\ud83d\ude2d\ud83d\ude2d\nlet,add,pain,today,hashtag,wonhoiscleared\nkar\u2026,,,,,,
96,please,prayer,baby,sister,missing,since,'re,durham,name,sarah,black,pray\u2026,,,,
97,today,pervert,came,friend,put,crotch,face,secretly,filming,u\u2026,,,,,,
98,found,today,dog,,,,,,,,,,,,,
99,found,today,dog,,,,,,,,,,,,,
100,kid,adjacent,\u201ci,love,chicken\u201d,kid,,,,,,,,,,
101,found,today,dog,,,,,,,,,,,,,
102,good,suggestion,friend,\n\ntry,buy,gift,certificate,favorite,local,establishment,,,,,,
103,found,today,dog,,,,,,,,,,,,,
104,today,year,old,found,never,illegal,car,light,driving,\/\/t.co\/bhtetdme2s,,,,,,
105,\ud83d\ude2d\ud83d\ude2d\ud83d\ude2d,laughing,clown,right,\ud83d\ude2d\ud83d\ude2d\ud83d\ude2d\nlet,add,pain,today,hashtag,wonhoiscleared\nkar\u2026,,,,,,
106,wonderful,showing,responsibility,ask,saw,news,repo,conference,in\u202\/\/t.co\/oscqy0ue6o,,,,,,,
107,woke,today,blessed,,,,,,,,,,,,,
108,today,spent,nearly,hour,hand-picking,dried,azalea,blossom,look,right,look,though,\/\/t.co\/qmj6hgrump,,,
109,found,today,dog,,,,,,,,,,,,,
110,today,birthday,retweet,love,\u2764\ufe0f\ud83d\ude0d,\ud83c\udf8a\ud83c\udf82\ud83c\udf8\/\/t.co\/qlqc4pk87r,,,,,,,,,,
111,guy,printed,work,today,beautiful,thing,ever,seeen,\ud83e\udd2f\ud83e\udd2f\ud83e\udd2f,...,mind,blowing,\/\u2026,,,
112,need,smile,today,,,,,,,,,,,,,
113,today,birthday,person,spreading,joy,positivity,around,may,birthday,life,won\u2026,,,,,
114,promise,pandemic,free,zone,matchday,saturday,today.\ntime,enjoy,football,430pm,aet,\u2066\u202\/\/t.co\/1h6vfq5geq,,,,
115,found,today,dog,,,,,,,,,,,,,
116,found,today,dog,,,,,,,,,,,,,
117,\ud83d\ude2d\ud83d\ude2d\ud83d\ude2d,laughing,clown,right,\ud83d\ude2d\ud83d\ude2d\ud83d\ude2d\nlet,add,pain,today,hashtag,wonhoiscleared\nkar\u2026,,,,,,
118,magenta,beautiful,glory.\n\ntoday,perfect,day,relax,shop,online,,,,,,,,
119,true,they\u2019ve,found,new,cluster,seoul,,,,,,,,,,
120,pierre,koffmann,michel,roux,'made,british,food,today,\/\/t.co\/a1ua8gvu0y,,,,,,,
121,tried,wonho,freedom,today,thought,wonho,freedom,really,good,\/\/t.co\/bjsbdu4lgk,,,,,,
122,found,today,dog,,,,,,,,,,,,,
123,year,ago,today,shinee\u2019s,first,awaited,tokyo,dome,stage,\ud83d\udc9\nan,entire,dome,filled,love,pearl,a\u2026
124,engrave,positvemantra,hea,always,know,beautiful,great,today,\u202\/\/t.co\/krws1dfqvn,,,,,,,
125,today,wonderful,day,,,,,,,,,,,,,
126,found,today,dog,,,,,,,,,,,,,
127,happy,birthday,\ud83d\udc93,legend,indian,cinema,given,several,memorable,performance,film,through\u2026,,,,
128,wanted,immoalize,baby,passed,away,today,still,haven\u2019t,comprehended,rip,mokus\u2764\ufe0f\u202\/\/t.co\/rmincyhctx,,,,,
129,found,today,dog,,,,,,,,,,,,,
130,\ud83d\ude2d\ud83d\ude2d\ud83d\ude2d,laughing,clown,right,\ud83d\ude2d\ud83d\ude2d\ud83d\ude2d\nlet,add,pain,today,hashtag,wonhoiscleared\nkar\u2026,,,,,,
131,hug,college,baseball,player,today,,,,,,,,,,,
132,day,spent,favorite,day,\nso,today,new,favorite,day,\/\/t.co\/idz3duynmy,,,,,,
133,love,...,one,pleasant,tweet,day,prayer,i\u2019ve,read,today,t\u2026,,,,,
134,whole,food,pasta,,,,,,,,,,,,,
135,\ud83d\ude2d\ud83d\ude2d\ud83d\ude2d,laughing,clown,right,\ud83d\ude2d\ud83d\ude2d\ud83d\ude2d\nlet,add,pain,today,hashtag,wonhoiscleared\nkar\u2026,,,,,,
136,love,mom.\ntoday,,,,,,,,,,,,,,
137,found,today,dog,,,,,,,,,,,,,
138,hug,college,baseball,player,today,,,,,,,,,,,
139,trump,stood,rose,garden,today,bossted,doesn\u2019t,take,responsibility,fiasco,doj,court\u2026,,,,
140,today,micky,dolenz,birthday,turn,75.,piece,goldmine,archive,music,changed,lif\u2026,,,,
141,back,staed,block,today,love,jamal,experiencing,sex,,,,,,,,
142,friend,suffer,little,bit,stupidity,today\u2019s,sufferer,\/\/t.co\/asaeunsbuj,,,,,,,,
143,noticed,today,seeing,sana,make,happier,\ud83d\ude0d,beautiful,\u2665\ufe0f\n\n,shehnaazgill,shiningstarshehn\u2026,,,,,
144,love,ellen,bryant,voigt\u2019s,kyrie,,,,,,,,,,,
145,found,today,dog,,,,,,,,,,,,,
146,ok.,last,one,today,promise,\ud83d\ude2d\ud83d\ude2d\ud83d\ude2d\ud83d\ude0\/\/t.co\/f1dpdno0bm,,,,,,,,,,
147,\ud83d\ude2d\ud83d\ude2d\ud83d\ude2d,laughing,clown,right,\ud83d\ude2d\ud83d\ude2d\ud83d\ude2d\nlet,add,pain,today,hashtag,wonhoiscleared\nkar\u2026,,,,,,
148,today,luxe,beauty,giveaway,lancome,l'absolu,lacquer,liquid,lip,colour,first,date,perfect,shade,da\u2026,
149,need,encourage,get,disaster,quickly.\n\/\/t.co\/bbwyf1bthx,,,,,,,,,,,
150,please,prayer,baby,sister,missing,since,'re,durham,name,sarah,black,pray\u2026,,,,
151,love,advice,think,journal,overland,trail,,,,,,,,,,
152,sending,love,fan,around,\ud83c\udf0e,even,though,worldfigure,cancelled,,,,,,,
153,joy,filled,adventures\n\ni,awoke,morning,reluctantly,knew,today,could,according,hoped\u202\/\/t.co\/u75kbbk280,,,,,
154,first,laugh,today,,,,,,,,,,,,,
155,found,today,dog,,,,,,,,,,,,,
156,spoke,mrs.,abraham,amp,ms.,green,housing,said,student,required,move,20th,ther\u2026,,,
157,please,give,love,\n\n\/\/t.co\/0jksxfao5i,,,,,,,,,,,,
158,bts,'on,1st,place,music,bank,today,hello,10th,win,\ud83d\udc8congrats,on10thwin,\/\/t.co\/lezgd0gzv0,,,
159,baby,rocking,everywhere,kavin,lift,,,,,,,,,,,
160,\ud83d\ude2d\ud83d\ude2d\ud83d\ude2d,laughing,clown,right,\ud83d\ude2d\ud83d\ude2d\ud83d\ude2d\nlet,add,pain,today,hashtag,wonhoiscleared\nkar\u2026,,,,,,
161,trump,stood,rose,garden,today,bossted,doesn\u2019t,take,responsibility,fiasco,doj,court\u2026,,,,
162,found,today,dog,,,,,,,,,,,,,
163,found,today,dog,,,,,,,,,,,,,
164,today,truly,blessed,day,year,month,coma,woke,finally,came,back,\u0627\u0644\u062d\u0645\u062f,\u0627\u0644\u0644\u0647,,,
165,love,call,smart,woman,\u201cnasty.\u201d,he\u2019s,pig,idiot,people,die,fragility,ego,c\u2026,,,
166,\ud83d\ude2d\ud83d\ude2d\ud83d\ude2d,laughing,clown,right,\ud83d\ude2d\ud83d\ude2d\ud83d\ude2d\nlet,add,pain,today,hashtag,wonhoiscleared\nkar\u2026,,,,,,
167,please,prayer,baby,sister,missing,since,'re,durham,name,sarah,black,pray\u2026,,,,
168,\ud83d\ude2d\ud83d\ude2d\ud83d\ude2d,laughing,clown,right,\ud83d\ude2d\ud83d\ude2d\ud83d\ude2d\nlet,add,pain,today,hashtag,wonhoiscleared\nkar\u2026,,,,,,
169,lot,scary,thing,going,on.\ndo,n't,fuel,medium,sensation.\njust,kind,one,another.\nand,wash,hands.\nhelp\u2026,,
170,\ud83d\ude2d\ud83d\ude2d\ud83d\ude2d,laughing,clown,right,\ud83d\ude2d\ud83d\ude2d\ud83d\ude2d\nlet,add,pain,today,hashtag,wonhoiscleared\nkar\u2026,,,,,,
171,delicious,even,though,garlic,make,sick,regret,nothing,,,,,,,,
172,baby,rocking,everywhere,kavin,lift,,,,,,,,,,,
173,trump,stood,rose,garden,today,bossted,doesn\u2019t,take,responsibility,fiasco,doj,court\u2026,,,,
174,good,morning,vernon,love,\ud83d\udc9sana,masaya,today,,,,,,,,,
175,occupyhk,activist,supporter,excitedly,waiting,release,chan,kin-man,,,,,,,,
176,thankful,sibling,there\u2019s,nothing,like,know,lift,one,another,we\u202\/\/t.co\/hqur84quro,,,,,,
177,please,donate,today,check,classroom,love,help,bring,project,life,\/\/t.\u2026,,,,,
178,friend,mine,posted,today,\ud83e\udd23\n\ncaption,read,\n\,got,anti,virus,suit,today\,\/\/t.co\/fmxcl02pk2,,,
179,celebration,wonho,cleared,markson,new,music,oomfs,drop,fancams,,,,,,,
180,please,prayer,baby,sister,missing,since,'re,durham,name,sarah,black,pray\u2026,,,,
181,please,prayer,baby,sister,missing,since,'re,durham,name,sarah,black,pray\u2026,,,,
182,promise,day,473,today,hoping,,,,,,,,,,,
183,iloilo,city,love,,,,,,,,,,,,,
184,went,walma,today,baby,wipe,single,pack,left,...,took,,,,,,
185,today,going,beautiful,day,,,,,,,,,,,,
186,found,today,dog,,,,,,,,,,,,,
187,found,today,dog,,,,,,,,,,,,,
188,spos,club,organisation,purchased,food,today,cancelled,game,,,,,,,,
189,\ud83d\ude2d\ud83d\ude2d\ud83d\ude2d,laughing,clown,right,\ud83d\ude2d\ud83d\ude2d\ud83d\ude2d\nlet,add,pain,today,hashtag,wonhoiscleared\nkar\u2026,,,,,,
190,love,mom.\ntoday,,,,,,,,,,,,,,
191,'re,talking,shutting,society,still,safe,across,,,,,,,,,
192,sweet,like,waking,\ud83e\udd7a,thank,juliaaaan,love,hope,something,nice,happens,today,3333,,,
193,found,today,dog,,,,,,,,,,,,,
194,found,today,dog,,,,,,,,,,,,,
195,trump,ceo,friend,told,story,today,,,,,,,,,,
196,n't,get,enough,sb19,\n\naja,aja,tayo,present,special,mini,concert,featuring,bnf,sb19,catch\u2026,
197,friend,decided,promote,shit,album,today,\/\/t.co\/horqw7vmhe,,,,,,,,,
198,news,two,cuddling,drake,beach,point,reyes,today,\/\/t.co\/akzzaa2cop,,,,,,,
199,\ud83d\ude2d\ud83d\ude2d\ud83d\ude2d,laughing,clown,right,\ud83d\ude2d\ud83d\ude2d\ud83d\ude2d\nlet,add,pain,today,hashtag,wonhoiscleared\nkar\u2026,,,,,,
200,found,today,mar1day,particular,mean,right,\/\/t.co\/kgbl2agfgo,,,,,,,,,
201,kind,good,news,needed,today,monstax,wonhoisfree,,,,,,,,,
202,thankful,crocus,today,beauty,midst,fear,hope,dark,time,\/\/t.co\/1nem70kvey,,,,,,
203,everyone,gamer,favorite,game,mine,sorry,look,dead,today,,,,,,,
204,friend,,,,,,,,,,,,,,,
205,remember,middle,school,came,friend,would,meet,pokewalkers,see\u202\/\/t.co\/wggfbuefxh,,,,,,,
206,found,today,dog,,,,,,,,,,,,,
207,hey,babe,ive,made,sexy,content,ill,adding,onlyfans,today,sub,skype,se\u2026,,,
208,lmaooooo,dramatics,wonderful,,,,,,,,,,,,,
209,\ud83c\udfc6\ud835\udc0d\ud835\udc14\ud835\udc0c\ud835\udc01\ud835\udc04\ud835\udc1,\ud835\udfcf,\ud835\udc12\ud835\udc04\ud835\udc1\ud835\udc06\ud835\udc00\ud835\udc0c\ud835\udc04\ud83c\udfc6\n\n\u2692build,dream,fuck,friend,\n\ud83d\udee0join,free,sexemulator,today,\n\u26cfteach,different,sex,skill,\u2026,
210,please,prayer,baby,sister,missing,since,'re,durham,name,sarah,black,pray\u2026,,,,
211,\ud83d\ude2d\ud83d\ude2d\ud83d\ude2d,laughing,clown,right,\ud83d\ude2d\ud83d\ude2d\ud83d\ude2d\nlet,add,pain,today,hashtag,wonhoiscleared\nkar\u2026,,,,,,
212,get,retweet,afternoon,game,would,love,see,people,today,wednesday,\u2026,,,,,
213,i\u2019m,thankful,able,find,wipe,today.\nmy,son,pack,10wipes,every,3-days,depending,ho\u2026,,,
214,ancestor,established,benchmark,,,,,,,,,,,,,
215,fail,safe,system,leftist,loonyland,,,,,,,,,,,
216,ya\u2019lls,nominee,love,joe,biden,come,man,...,place,table,doubt\u2014it\u2019s,th\u202\/\/t.co\/vowhwgavaz,,,,
217,sent,\n\nthis,happened,\nbenjonson,road,stepney,green,today,\/\/t.co\/azjrjjcyli,,,,,,,
218,look,i\u2019m,love,\n\nbt2eyewear,amp,light-up,phone,cases\n\nglasses,definitely,bring,new,look,\u2728\nwhile,even,old,phones\u2026
219,remember,smile,today,even,don\u2019t,feel,like,it\u2019s,good,day,,,,,,
220,love,...,one,pleasant,tweet,day,prayer,i\u2019ve,read,today,t\u2026,,,,,
221,excellent,measure,taken,today,national,security,committee,meeting,called,counter,coronaviruspandemic,i\u2026,,,,
222,found,today,dog,,,,,,,,,,,,,
223,quick,batgirl,supergirl,sketch,might,need,smile,today,\ud83d\ude4\/\/t.co\/dyooprf9vt,,,,,,,
224,tried,wonho,freedom,today,thought,wonho,freedom,really,good,\/\/t.co\/bjsbdu4lgk,,,,,,
225,tried,wonho,freedom,today,thought,wonho,freedom,really,good,\/\/t.co\/bjsbdu4lgk,,,,,,
226,good,suggestion,friend,\n\ntry,buy,gift,certificate,favorite,local,establishment,,,,,,
227,ancestor,established,benchmark,,,,,,,,,,,,,
228,please,prayer,baby,sister,missing,since,'re,durham,name,sarah,black,pray\u2026,,,,
229,wow,cooking,music,\ud83e\udd2you,love,see,make,suh,,,,,,,,
230,found,god,today,pretty,hyped,\/\/t.co\/dxdv57ekz9,,,,,,,,,,
231,twitter,turn,today,it\u2019s,friday,13th,\ud83e\uddc,end,help,celebrate,first,year,lucky,day\ud83e\udd70\ud83d\ude0htt\u2026,,
232,amazing,youngest,daughter,devi,kavita,graduated,early,impromptu,ceremony,forest,today,university\u2026,,,,
233,even,today,really,encourage,anything,also,affected.\,,,,,,,,,
234,magenta,beautiful,glory.\n\ntoday,perfect,day,relax,shop,online,,,,,,,,
235,look,i\u2019m,love,\n\nbt2eyewear,amp,light-up,phone,cases\n\nglasses,definitely,bring,new,look,\u2728\nwhile,even,old,phones\u2026
236,ceo,smiling,something,else,,,,,,,,,,,,
237,found,today,dog,,,,,,,,,,,,,
238,today,controlled,drank,one,beer,even,wanted,like,big,progress,stomach\ud83d\ude02,,,,,
239,found,today,dog,,,,,,,,,,,,,
240,guy,printed,work,today,beautiful,thing,ever,seeen,\ud83e\udd2f\ud83e\udd2f\ud83e\udd2f,...,mind,blowing,\/\u2026,,,
241,today\u2019s,soundtrack,music,\n\nhappy,white,day,\ud83d\ude0\ud83d\udc9\/\/t.co\/avgez6jipx,,,,,,,,,
242,remember,blessed,alive,today,breathing,,,,,,,,,,,
243,want,sign,today,\/\/t.co\/7udnc7acbr,see,really,clean,\ud83d\udd25\u2764\ufe0f\u2026,,,,,,,,
244,y\u2019all,pray,ms.,gloria,southern,miss,lost,daughter,today,lady,still,work,wow,,,
245,please,prayer,baby,sister,missing,since,'re,durham,name,sarah,black,pray\u2026,,,,
246,new,steven,tonight,favorite,design,fun,drawing,today,stevenuniverse\u2026,,,,,,,
247,hug,college,baseball,player,today,,,,,,,,,,,
248,\ud83d\ude2d\ud83d\ude2d\ud83d\ude2d,laughing,clown,right,\ud83d\ude2d\ud83d\ude2d\ud83d\ude2d\nlet,add,pain,today,hashtag,wonhoiscleared\nkar\u2026,,,,,,
249,trying,think,silly,thing,today,post,twitter,need,silly,a\u202\/\/t.co\/odhnjbypcv,,,,,,
250,found,today,dog,,,,,,,,,,,,,
251,ancestor,established,benchmark,,,,,,,,,,,,,
252,please,prayer,baby,sister,missing,since,'re,durham,name,sarah,black,pray\u2026,,,,
253,somebody,sent,photo,today,can\u2019t,stop,laughing,\/\/t.co\/axfwe0ifzj,,,,,,,,
254,found,today,dog,,,,,,,,,,,,,
255,\ud83d\udc8b,love,look,\n\nshop,hallie,boot,today,available,black,red\n\n\/\/t.co\/w489ki0kam,\/\/t.co\/tfa8x5xyni,,,,,
256,ojojoj,jest,powa\u017cny,efekt,koronawirusa,nie,,,,,,,,,,
257,met,shri,jyotiraditya,scindia,today,welcome,bjp,joining,help,strengthening,pa\u2026,,,,,
258,love,\u1d57\u1da6\u207f\u02b\u1da0\u02b3\u1d52\u1d4d,,,,,,,,,,,,,,
259,friend,family,tamilnadu,,,,,,,,,,,,,
260,signed,petition,shared,recently,please,keep,sharing,asking,friend,sign,\n\/\/t.co\/\u2026,,,,,
261,somuch,new,music,today,,,,,,,,,,,,
262,love,taylor,much,she\u2019s,hilarious,brilliant,geeky,gorgeous,incredible,photographer,much,m\u2026,,,,
263,daughter,tell,9kids,absent,school,today,alberta,government,doesn\u2019t,shut,schoo\u2026,,,,,
264,thread,world,response,covid201\n\nhello,friend,,,,,,,,,,,
265,zion,williamson,instagram,post,today,love,everything,kid,\/\/t.co\/4vtpr0vk6e,,,,,,,
266,remember,smile,today,even,don\u2019t,feel,like,it\u2019s,good,day,,,,,,
267,amp,dance,vaathistepu,totally,unmissable,\ud83d\ude0e\ud83d\udc83\n\ncheck,\ud83d\udca5\n\n,vaathic\u2026,,,,,,,,
268,found,today,dog,,,,,,,,,,,,,
269,found,today,dog,,,,,,,,,,,,,
270,found,today,dog,,,,,,,,,,,,,
271,today,year,old,found,season,allergy,,,,,,,,,,
272,feel,blessed,year,ago,took,week,make,40and,make,40a,day.\n\nthree,year,ago,wishe\u2026,,
273,please,prayer,baby,sister,missing,since,'re,durham,name,sarah,black,pray\u2026,,,,
274,\u2066\u206look,wife,found,sobey\u2019s,sydney,today,thing,set,lockdown,i\u2026,,,,,,
275,today,'re,shooting,beach,scene,beach,\n\nnew,scene,\ud83d\ude31\ud83d\ude31\n\nbring,\n\n,whyrutheseries,zaintsee,,,,
276,hate,people,ask,i\u2019m,wearing,faja,...,like,baby,week,ago,today,d\u00e9jenme,paz,\ud83d\ude12,
277,today,lost,friend,hand,death.\n\nhe,died,sleep,\ud83d\ude2a\ud83d\ude29,,,,,,,,
278,today,terrible,man,besides,music,,,,,,,,,,,
279,found,today,dog,,,,,,,,,,,,,
280,boomer,friend,wild,told,friend,come,chill,today,tell,coming,noon,wild,bro,,,
281,love,thank,\ud83d\udc99,,,,,,,,,,,,,
282,found,today,dog,,,,,,,,,,,,,
283,today,child,asked,\u201cam,going,die,\u201d,friend,asked,,,,,,,
284,please,prayer,baby,sister,missing,since,'re,durham,name,sarah,black,pray\u2026,,,,
285,decided,switch,amp,red,enchilada,instead,green,today,\ud83d\ude0b,\/\/t.co\/jstxnv2dxx,,,,,,
286,lol,hobby,lobby,guy,basically,bought,dime,bag,oregano,isi,\/\/t.co\/ewreo1kgkv,,,,,
287,gone,hour,today,dog,peed,bed,we\u2019re,sleep,couch,that\u2019ll,teach,,,,,
288,nothing,thankful,everything,gone,people,i\u2019ve,loved,lost,,,,,,,,
289,\ud83d\ude2d\ud83d\ude2d\ud83d\ude2d,laughing,clown,right,\ud83d\ude2d\ud83d\ude2d\ud83d\ude2d\nlet,add,pain,today,hashtag,wonhoiscleared\nkar\u2026,,,,,,
290,\ud83d\ude2d\ud83d\ude2d\ud83d\ude2d,laughing,clown,right,\ud83d\ude2d\ud83d\ude2d\ud83d\ude2d\nlet,add,pain,today,hashtag,wonhoiscleared\nkar\u2026,,,,,,
291,amen,sister,,,,,,,,,,,,,,
292,reliving,every,moment,telling,story,today,never,share,childhood,traumas..,,,,,,
293,baby,rocking,everywhere,kavin,lift,,,,,,,,,,,
294,got,type,love,affection,today,smh,wack,,,,,,,,,
295,today,'re,shooting,beach,scene,beach,\n\nnew,scene,\ud83d\ude31\ud83d\ude31\n\nbring,\n\n,whyrutheseries,zaintsee,,,,
296,blessed,timeline,today,,,,,,,,,,,,,
297,\ud83d\ude2d\ud83d\ude2d\ud83d\ude2d,laughing,clown,right,\ud83d\ude2d\ud83d\ude2d\ud83d\ude2d\nlet,add,pain,today,hashtag,wonhoiscleared\nkar\u2026,,,,,,
298,found,today,dog,,,,,,,,,,,,,
299,trading,crypto,currency,beginning,financial,freedom,\ud83d\udcb5\ud83d\udcb5\nwe,mine,cryptocurrencies,eco-friendly,succ\u2026,,,,,
300,getting,content,,,,,,,,,,,,,,
301,\ud83c\udfc6\ud835\udc0d\ud835\udc14\ud835\udc0c\ud835\udc01\ud835\udc04\ud835\udc1,\ud835\udfcf,\ud835\udc12\ud835\udc04\ud835\udc1\ud835\udc06\ud835\udc00\ud835\udc0c\ud835\udc04\ud83c\udfc6\n\n\u2692build,dream,fuck,friend,\n\ud83d\udee0join,free,sexemulator,today,\n\u26cfteach,different,sex,skill,\u2026,
302,trending,party,maymay,endorsement,today,\n\npm,tag,broadway,gem,graduation,sale,\npm\u2026,,,,
303,could,really,use,hug,today,n't,covid1i,thing,dude,back\u2026,,,,,,
304,beautiful,daughter,turned,1today,going,miss,little,girl,however,beautiful,young,lady,spend,time,,
305,friend,mine,sexually,harassed,man,today,,,,,,,,,,
306,found,today,dog,,,,,,,,,,,,,
307,brand,new,episode,\n\ntoday,topic,\n\ud83d\udd39is,bernie,toast,\n\ud83d\udd39covid-1declared,pandemic\n\ud83d\udd39harvey\u2026,,,,,,
308,\ud83e\udd17i,smiling,yesterday\ud83e\udd17i,smiling,today,smile,tomorrow\ud83e\udd17simply,life,sho,cry,a\u202\/\/t.co\/n5d1jpzfji,,,,,
309,new,steven,tonight,favorite,design,fun,drawing,today,stevenuniverse\u2026,,,,,,,
310,today,'re,shooting,beach,scene,beach,\n\nnew,scene,\ud83d\ude31\ud83d\ude31\n\nbring,\n\n,whyrutheseries,zaintsee,,,,
311,trading,crypto,currency,beginning,financial,freedom,\ud83d\udcb5\ud83d\udcb5\nwe,mine,cryptocurrencies,eco-friendly,succ\u2026,,,,,
312,food,today,made,moroccan,style,hummus,homemade,gluten,free,pitta,\/\/t.co\/c1rpi5lfm2,,,,,
313,make,today,beautiful,can.\nlet,one,take,away,happiness.\nsmile,laugh,negativity,,,,,,
314,look,absolutely,gorgeous,ma\u2019am,,,,,,,,,,,,
315,got,called,photogenic,today,incredible,confidence,boost,guess,pose,ref,teach,pose\u2026,,,,
316,mom,friend,really,made,today,\ud83d\ude2d,\/\/t.co\/akz3nwsfk0,,,,,,,,,
317,occupyhk,activist,supporter,excitedly,waiting,release,chan,kin-man,,,,,,,,
318,never,said,\u201cevil,meat,eaters.\u201d,found,coli,manure,runof\u202\/\/t.co\/bbraxnfofr,,,,,,,
319,occupyhk,activist,supporter,excitedly,waiting,release,chan,kin-man,,,,,,,,
320,276\/50the,green,lantern,season,,,,,,,,,,,,
321,need,smile,today,,,,,,,,,,,,,
322,list,\n\n1,gods\n2,love,thine,neighbour,\n3,believe\n4,wear,armour,god\n5,\n\nestabli\u202\/\/t.co\/10n7i6nava,,,,
323,law,school,cornell,teach,sure,many,people,practicing,law\u202\/\/t.co\/uiaf1jlc0d,,,,,,,
324,tomorrow,playing,majority,stream,gunfight,today,literally,fucking,insane,think,found,place,cod,,,
325,found,today,dog,,,,,,,,,,,,,
326,found,today,dog,,,,,,,,,,,,,
327,\ud83c\udfc6\ud835\udc0d\ud835\udc14\ud835\udc0c\ud835\udc01\ud835\udc04\ud835\udc1,\ud835\udfcf,\ud835\udc12\ud835\udc04\ud835\udc1\ud835\udc06\ud835\udc00\ud835\udc0c\ud835\udc04\ud83c\udfc6\n\n\u2692build,dream,fuck,friend,\n\ud83d\udee0join,free,sexemulator,today,\n\u26cfteach,different,sex,skill,\u2026,
328,went,market,bought,bunch,food,today,ran,bunch,stuff,like,water,bottle,toilet,p\u2026,,
329,trump,stood,rose,garden,today,bossted,doesn\u2019t,take,responsibility,fiasco,doj,court\u2026,,,,
330,went,air,today,love,miami,\/\/t.co\/nhv6cgsxq0,,,,,,,,,,
331,\ud83d\ude2d\ud83d\ude2d\ud83d\ude2d,laughing,clown,right,\ud83d\ude2d\ud83d\ude2d\ud83d\ude2d\nlet,add,pain,today,hashtag,wonhoiscleared\nkar\u2026,,,,,,
332,ancestor,established,benchmark,,,,,,,,,,,,,
333,\ud83c\udfc6\ud835\udc0d\ud835\udc14\ud835\udc0c\ud835\udc01\ud835\udc04\ud835\udc1,\ud835\udfcf,\ud835\udc12\ud835\udc04\ud835\udc1\ud835\udc06\ud835\udc00\ud835\udc0c\ud835\udc04\ud83c\udfc6\n\n\u2692build,dream,fuck,friend,\n\ud83d\udee0join,free,sexemulator,today,\n\u26cfteach,different,sex,skill,\u2026,
334,\ud83d\ude2d\ud83d\ude2d\ud83d\ude2d,laughing,clown,right,\ud83d\ude2d\ud83d\ude2d\ud83d\ude2d\nlet,add,pain,today,hashtag,wonhoiscleared\nkar\u2026,,,,,,
335,hello,got,100,page,essay,wrote,kim,seokjin,one,best,artist,music,industry\u2026,,,
336,found,today,dog,,,,,,,,,,,,,
337,found,today,dog,,,,,,,,,,,,,
338,bombshell,paranoia,daughter,took,baby,daddy,local,,,,,,,,,
339,today,international,school,meal,day,thanks,food,education,program,,,,,,,
340,quick,fruity,doodle,old,crayola,colored,pencil,found,today,\ud83c\udf53\ud83c\udf4a\ud83c\udf4b,\/\/t.co\/kcfobehqan,,,,,
341,found,today,dog,,,,,,,,,,,,,
342,today,'re,shooting,beach,scene,beach,\n\nnew,scene,\ud83d\ude31\ud83d\ude31\n\nbring,\n\n,whyrutheseries,zaintsee,,,,
343,found,today,dog,,,,,,,,,,,,,
344,\ud83c\udfc6\ud835\udc0d\ud835\udc14\ud835\udc0c\ud835\udc01\ud835\udc04\ud835\udc1,\ud835\udfcf,\ud835\udc12\ud835\udc04\ud835\udc1\ud835\udc06\ud835\udc00\ud835\udc0c\ud835\udc04\ud83c\udfc6\n\n\u2692build,dream,fuck,friend,\n\ud83d\udee0join,free,sexemulator,today,\n\u26cfteach,different,sex,skill,\u2026,
345,need,laugh,,,,,,,,,,,,,,
346,joy,filled,adventures\n\ni,awoke,morning,reluctantly,knew,today,could,according,hoped\u202\/\/t.co\/gapmuizhgd,,,,,
347,got,it\ud83d\udca5\ud83e\udd23\ud83d\udc4d\n\nwhy,walmart,rose,garden,today\u2049\ufe0f\n\n\ud83d\udca5to,announce,mirror\ud83d\udca5\ud83d\udc47\u203c\ufe0f\n\n\ud83d\udca5wal,mart,mart,ial,law\ud83d\udca5\ud83c\udf7f\ud83c\udf7f\ud83c\udf7f\n\n,fren,gave,t\u2026,
348,tried,wonho,freedom,today,thought,wonho,freedom,really,good,\/\/t.co\/bjsbdu4lgk,,,,,,
349,\ud83d\ude2d\ud83d\ude2d\ud83d\ude2d,laughing,clown,right,\ud83d\ude2d\ud83d\ude2d\ud83d\ude2d\nlet,add,pain,today,hashtag,wonhoiscleared\nkar\u2026,,,,,,
350,baby,rocking,everywhere,kavin,lift,,,,,,,,,,,
351,ancestor,established,benchmark,,,,,,,,,,,,,
352,tell,boiis,love,,,,,,,,,,,,,
353,found,today,dog,,,,,,,,,,,,,
354,look,i\u2019m,love,\n\nbt2eyewear,amp,light-up,phone,cases\n\nglasses,definitely,bring,new,look,\u2728\nwhile,even,old,phones\u2026
355,showed,love,much,respect,always,it\u2019s,youll,keep,posting,know,made,least\u202\/\/t.co\/cbyni4thee,,,,
356,baby,rocking,everywhere,kavin,lift,,,,,,,,,,,
357,maltipoo,\u2018hazel\u201after,groom,today,give,everyone,bit,cheer,love,\/\/t.co\/gj4a2igtfr,,,,,,
358,case,need,minute,16yr-old,daughter,playing,wedding,day,trouldhagen,grieg.\n\nwe,found,today,tha\u2026,,,
359,amp,dance,vaathistepu,totally,unmissable,\ud83d\ude0e\ud83d\udc83\n\ncheck,\ud83d\udca5\n\n,vaathic\u2026,,,,,,,,
360,\ud83c\udd98only,one,hour,left,...,still,need,around,25at,least,chance,save,...,\ud83c\udd98,,
361,lol,hobby,lobby,guy,basically,bought,dime,bag,oregano,isi,\/\/t.co\/ewreo1kgkv,,,,,
362,\ud83d\ude2d\ud83d\ude2d\ud83d\ude2d,laughing,clown,right,\ud83d\ude2d\ud83d\ude2d\ud83d\ude2d\nlet,add,pain,today,hashtag,wonhoiscleared\nkar\u2026,,,,,,
363,please,prayer,baby,sister,missing,since,'re,durham,name,sarah,black,pray\u2026,,,,
364,today,pervert,came,friend,put,crotch,face,secretly,filming,u\u2026,,,,,,
365,found,today,dog,,,,,,,,,,,,,
366,found,today,dog,,,,,,,,,,,,,
367,kid,adjacent,\u201ci,love,chicken\u201d,kid,,,,,,,,,,
368,found,today,dog,,,,,,,,,,,,,
369,good,suggestion,friend,\n\ntry,buy,gift,certificate,favorite,local,establishment,,,,,,
370,found,today,dog,,,,,,,,,,,,,
371,today,year,old,found,never,illegal,car,light,driving,\/\/t.co\/bhtetdme2s,,,,,,
372,\ud83d\ude2d\ud83d\ude2d\ud83d\ude2d,laughing,clown,right,\ud83d\ude2d\ud83d\ude2d\ud83d\ude2d\nlet,add,pain,today,hashtag,wonhoiscleared\nkar\u2026,,,,,,
373,wonderful,showing,responsibility,ask,saw,news,repo,conference,in\u202\/\/t.co\/oscqy0ue6o,,,,,,,
374,woke,today,blessed,,,,,,,,,,,,,
375,today,spent,nearly,hour,hand-picking,dried,azalea,blossom,look,right,look,though,\/\/t.co\/qmj6hgrump,,,
376,found,today,dog,,,,,,,,,,,,,
377,today,birthday,retweet,love,\u2764\ufe0f\ud83d\ude0d,\ud83c\udf8a\ud83c\udf82\ud83c\udf8\/\/t.co\/qlqc4pk87r,,,,,,,,,,
378,guy,printed,work,today,beautiful,thing,ever,seeen,\ud83e\udd2f\ud83e\udd2f\ud83e\udd2f,...,mind,blowing,\/\u2026,,,
379,need,smile,today,,,,,,,,,,,,,
380,today,birthday,person,spreading,joy,positivity,around,may,birthday,life,won\u2026,,,,,
381,promise,pandemic,free,zone,matchday,saturday,today.\ntime,enjoy,football,430pm,aet,\u2066\u202\/\/t.co\/1h6vfq5geq,,,,
382,found,today,dog,,,,,,,,,,,,,
383,found,today,dog,,,,,,,,,,,,,
384,\ud83d\ude2d\ud83d\ude2d\ud83d\ude2d,laughing,clown,right,\ud83d\ude2d\ud83d\ude2d\ud83d\ude2d\nlet,add,pain,today,hashtag,wonhoiscleared\nkar\u2026,,,,,,
385,magenta,beautiful,glory.\n\ntoday,perfect,day,relax,shop,online,,,,,,,,
386,true,they\u2019ve,found,new,cluster,seoul,,,,,,,,,,
387,pierre,koffmann,michel,roux,'made,british,food,today,\/\/t.co\/a1ua8gvu0y,,,,,,,
388,tried,wonho,freedom,today,thought,wonho,freedom,really,good,\/\/t.co\/bjsbdu4lgk,,,,,,
389,found,today,dog,,,,,,,,,,,,,
390,year,ago,today,shinee\u2019s,first,awaited,tokyo,dome,stage,\ud83d\udc9\nan,entire,dome,filled,love,pearl,a\u2026
391,engrave,positvemantra,hea,always,know,beautiful,great,today,\u202\/\/t.co\/krws1dfqvn,,,,,,,
392,today,wonderful,day,,,,,,,,,,,,,
393,found,today,dog,,,,,,,,,,,,,
394,happy,birthday,\ud83d\udc93,legend,indian,cinema,given,several,memorable,performance,film,through\u2026,,,,
395,wanted,immoalize,baby,passed,away,today,still,haven\u2019t,comprehended,rip,mokus\u2764\ufe0f\u202\/\/t.co\/rmincyhctx,,,,,
396,found,today,dog,,,,,,,,,,,,,
397,\ud83d\ude2d\ud83d\ude2d\ud83d\ude2d,laughing,clown,right,\ud83d\ude2d\ud83d\ude2d\ud83d\ude2d\nlet,add,pain,today,hashtag,wonhoiscleared\nkar\u2026,,,,,,
398,hug,college,baseball,player,today,,,,,,,,,,,
399,day,spent,favorite,day,\nso,today,new,favorite,day,\/\/t.co\/idz3duynmy,,,,,,
400,love,...,one,pleasant,tweet,day,prayer,i\u2019ve,read,today,t\u2026,,,,,
401,whole,food,pasta,,,,,,,,,,,,,
402,\ud83d\ude2d\ud83d\ude2d\ud83d\ude2d,laughing,clown,right,\ud83d\ude2d\ud83d\ude2d\ud83d\ude2d\nlet,add,pain,today,hashtag,wonhoiscleared\nkar\u2026,,,,,,
403,love,mom.\ntoday,,,,,,,,,,,,,,
404,found,today,dog,,,,,,,,,,,,,
405,hug,college,baseball,player,today,,,,,,,,,,,
406,trump,stood,rose,garden,today,bossted,doesn\u2019t,take,responsibility,fiasco,doj,court\u2026,,,,
407,today,micky,dolenz,birthday,turn,75.,piece,goldmine,archive,music,changed,lif\u2026,,,,
408,back,staed,block,today,love,jamal,experiencing,sex,,,,,,,,
409,friend,suffer,little,bit,stupidity,today\u2019s,sufferer,\/\/t.co\/asaeunsbuj,,,,,,,,
410,noticed,today,seeing,sana,make,happier,\ud83d\ude0d,beautiful,\u2665\ufe0f\n\n,shehnaazgill,shiningstarshehn\u2026,,,,,
411,love,ellen,bryant,voigt\u2019s,kyrie,,,,,,,,,,,
412,found,today,dog,,,,,,,,,,,,,
413,ok.,last,one,today,promise,\ud83d\ude2d\ud83d\ude2d\ud83d\ude2d\ud83d\ude0\/\/t.co\/f1dpdno0bm,,,,,,,,,,
414,\ud83d\ude2d\ud83d\ude2d\ud83d\ude2d,laughing,clown,right,\ud83d\ude2d\ud83d\ude2d\ud83d\ude2d\nlet,add,pain,today,hashtag,wonhoiscleared\nkar\u2026,,,,,,
415,today,luxe,beauty,giveaway,lancome,l'absolu,lacquer,liquid,lip,colour,first,date,perfect,shade,da\u2026,
416,need,encourage,get,disaster,quickly.\n\/\/t.co\/bbwyf1bthx,,,,,,,,,,,
417,please,prayer,baby,sister,missing,since,'re,durham,name,sarah,black,pray\u2026,,,,
418,love,advice,think,journal,overland,trail,,,,,,,,,,
419,sending,love,fan,around,\ud83c\udf0e,even,though,worldfigure,cancelled,,,,,,,
420,joy,filled,adventures\n\ni,awoke,morning,reluctantly,knew,today,could,according,hoped\u202\/\/t.co\/u75kbbk280,,,,,
421,first,laugh,today,,,,,,,,,,,,,
422,found,today,dog,,,,,,,,,,,,,
423,spoke,mrs.,abraham,amp,ms.,green,housing,said,student,required,move,20th,ther\u2026,,,
424,please,give,love,\n\n\/\/t.co\/0jksxfao5i,,,,,,,,,,,,
425,bts,'on,1st,place,music,bank,today,hello,10th,win,\ud83d\udc8congrats,on10thwin,\/\/t.co\/lezgd0gzv0,,,
426,baby,rocking,everywhere,kavin,lift,,,,,,,,,,,
427,\ud83d\ude2d\ud83d\ude2d\ud83d\ude2d,laughing,clown,right,\ud83d\ude2d\ud83d\ude2d\ud83d\ude2d\nlet,add,pain,today,hashtag,wonhoiscleared\nkar\u2026,,,,,,
428,trump,stood,rose,garden,today,bossted,doesn\u2019t,take,responsibility,fiasco,doj,court\u2026,,,,
429,found,today,dog,,,,,,,,,,,,,
430,found,today,dog,,,,,,,,,,,,,
431,today,truly,blessed,day,year,month,coma,woke,finally,came,back,\u0627\u0644\u062d\u0645\u062f,\u0627\u0644\u0644\u0647,,,
432,love,call,smart,woman,\u201cnasty.\u201d,he\u2019s,pig,idiot,people,die,fragility,ego,c\u2026,,,
433,\ud83d\ude2d\ud83d\ude2d\ud83d\ude2d,laughing,clown,right,\ud83d\ude2d\ud83d\ude2d\ud83d\ude2d\nlet,add,pain,today,hashtag,wonhoiscleared\nkar\u2026,,,,,,
434,please,prayer,baby,sister,missing,since,'re,durham,name,sarah,black,pray\u2026,,,,
435,\ud83d\ude2d\ud83d\ude2d\ud83d\ude2d,laughing,clown,right,\ud83d\ude2d\ud83d\ude2d\ud83d\ude2d\nlet,add,pain,today,hashtag,wonhoiscleared\nkar\u2026,,,,,,
436,lot,scary,thing,going,on.\ndo,n't,fuel,medium,sensation.\njust,kind,one,another.\nand,wash,hands.\nhelp\u2026,,
437,\ud83d\ude2d\ud83d\ude2d\ud83d\ude2d,laughing,clown,right,\ud83d\ude2d\ud83d\ude2d\ud83d\ude2d\nlet,add,pain,today,hashtag,wonhoiscleared\nkar\u2026,,,,,,
438,delicious,even,though,garlic,make,sick,regret,nothing,,,,,,,,
439,baby,rocking,everywhere,kavin,lift,,,,,,,,,,,
440,trump,stood,rose,garden,today,bossted,doesn\u2019t,take,responsibility,fiasco,doj,court\u2026,,,,
441,good,morning,vernon,love,\ud83d\udc9sana,masaya,today,,,,,,,,,
442,occupyhk,activist,supporter,excitedly,waiting,release,chan,kin-man,,,,,,,,
443,thankful,sibling,there\u2019s,nothing,like,know,lift,one,another,we\u202\/\/t.co\/hqur84quro,,,,,,
444,please,donate,today,check,classroom,love,help,bring,project,life,\/\/t.\u2026,,,,,
445,friend,mine,posted,today,\ud83e\udd23\n\ncaption,read,\n\,got,anti,virus,suit,today\,\/\/t.co\/fmxcl02pk2,,,
446,celebration,wonho,cleared,markson,new,music,oomfs,drop,fancams,,,,,,,
447,please,prayer,baby,sister,missing,since,'re,durham,name,sarah,black,pray\u2026,,,,
448,please,prayer,baby,sister,missing,since,'re,durham,name,sarah,black,pray\u2026,,,,
449,promise,day,473,today,hoping,,,,,,,,,,,
450,iloilo,city,love,,,,,,,,,,,,,
451,went,walma,today,baby,wipe,single,pack,left,...,took,,,,,,
452,today,going,beautiful,day,,,,,,,,,,,,
453,found,today,dog,,,,,,,,,,,,,
454,found,today,dog,,,,,,,,,,,,,
455,spos,club,organisation,purchased,food,today,cancelled,game,,,,,,,,
456,\ud83d\ude2d\ud83d\ude2d\ud83d\ude2d,laughing,clown,right,\ud83d\ude2d\ud83d\ude2d\ud83d\ude2d\nlet,add,pain,today,hashtag,wonhoiscleared\nkar\u2026,,,,,,
457,love,mom.\ntoday,,,,,,,,,,,,,,
458,'re,talking,shutting,society,still,safe,across,,,,,,,,,
459,sweet,like,waking,\ud83e\udd7a,thank,juliaaaan,love,hope,something,nice,happens,today,3333,,,
460,found,today,dog,,,,,,,,,,,,,
461,found,today,dog,,,,,,,,,,,,,
462,trump,ceo,friend,told,story,today,,,,,,,,,,
463,n't,get,enough,sb19,\n\naja,aja,tayo,present,special,mini,concert,featuring,bnf,sb19,catch\u2026,
464,friend,decided,promote,shit,album,today,\/\/t.co\/horqw7vmhe,,,,,,,,,
465,news,two,cuddling,drake,beach,point,reyes,today,\/\/t.co\/akzzaa2cop,,,,,,,
466,\ud83d\ude2d\ud83d\ude2d\ud83d\ude2d,laughing,clown,right,\ud83d\ude2d\ud83d\ude2d\ud83d\ude2d\nlet,add,pain,today,hashtag,wonhoiscleared\nkar\u2026,,,,,,
467,found,today,mar1day,particular,mean,right,\/\/t.co\/kgbl2agfgo,,,,,,,,,
468,kind,good,news,needed,today,monstax,wonhoisfree,,,,,,,,,
469,thankful,crocus,today,beauty,midst,fear,hope,dark,time,\/\/t.co\/1nem70kvey,,,,,,
470,everyone,gamer,favorite,game,mine,sorry,look,dead,today,,,,,,,
471,friend,,,,,,,,,,,,,,,
472,remember,middle,school,came,friend,would,meet,pokewalkers,see\u202\/\/t.co\/wggfbuefxh,,,,,,,
473,found,today,dog,,,,,,,,,,,,,
474,hey,babe,ive,made,sexy,content,ill,adding,onlyfans,today,sub,skype,se\u2026,,,
475,lmaooooo,dramatics,wonderful,,,,,,,,,,,,,
476,\ud83c\udfc6\ud835\udc0d\ud835\udc14\ud835\udc0c\ud835\udc01\ud835\udc04\ud835\udc1,\ud835\udfcf,\ud835\udc12\ud835\udc04\ud835\udc1\ud835\udc06\ud835\udc00\ud835\udc0c\ud835\udc04\ud83c\udfc6\n\n\u2692build,dream,fuck,friend,\n\ud83d\udee0join,free,sexemulator,today,\n\u26cfteach,different,sex,skill,\u2026,
477,please,prayer,baby,sister,missing,since,'re,durham,name,sarah,black,pray\u2026,,,,
478,\ud83d\ude2d\ud83d\ude2d\ud83d\ude2d,laughing,clown,right,\ud83d\ude2d\ud83d\ude2d\ud83d\ude2d\nlet,add,pain,today,hashtag,wonhoiscleared\nkar\u2026,,,,,,
479,get,retweet,afternoon,game,would,love,see,people,today,wednesday,\u2026,,,,,
480,i\u2019m,thankful,able,find,wipe,today.\nmy,son,pack,10wipes,every,3-days,depending,ho\u2026,,,
481,ancestor,established,benchmark,,,,,,,,,,,,,
482,fail,safe,system,leftist,loonyland,,,,,,,,,,,
483,ya\u2019lls,nominee,love,joe,biden,come,man,...,place,table,doubt\u2014it\u2019s,th\u202\/\/t.co\/vowhwgavaz,,,,
484,sent,\n\nthis,happened,\nbenjonson,road,stepney,green,today,\/\/t.co\/azjrjjcyli,,,,,,,
485,look,i\u2019m,love,\n\nbt2eyewear,amp,light-up,phone,cases\n\nglasses,definitely,bring,new,look,\u2728\nwhile,even,old,phones\u2026
486,remember,smile,today,even,don\u2019t,feel,like,it\u2019s,good,day,,,,,,
487,love,...,one,pleasant,tweet,day,prayer,i\u2019ve,read,today,t\u2026,,,,,
488,excellent,measure,taken,today,national,security,committee,meeting,called,counter,coronaviruspandemic,i\u2026,,,,
489,found,today,dog,,,,,,,,,,,,,
490,quick,batgirl,supergirl,sketch,might,need,smile,today,\ud83d\ude4\/\/t.co\/dyooprf9vt,,,,,,,
491,tried,wonho,freedom,today,thought,wonho,freedom,really,good,\/\/t.co\/bjsbdu4lgk,,,,,,
492,tried,wonho,freedom,today,thought,wonho,freedom,really,good,\/\/t.co\/bjsbdu4lgk,,,,,,
493,good,suggestion,friend,\n\ntry,buy,gift,certificate,favorite,local,establishment,,,,,,
494,ancestor,established,benchmark,,,,,,,,,,,,,
495,please,prayer,baby,sister,missing,since,'re,durham,name,sarah,black,pray\u2026,,,,
496,wow,cooking,music,\ud83e\udd2you,love,see,make,suh,,,,,,,,
497,found,god,today,pretty,hyped,\/\/t.co\/dxdv57ekz9,,,,,,,,,,
498,twitter,turn,today,it\u2019s,friday,13th,\ud83e\uddc,end,help,celebrate,first,year,lucky,day\ud83e\udd70\ud83d\ude0htt\u2026,,
499,amazing,youngest,daughter,devi,kavita,graduated,early,impromptu,ceremony,forest,today,university\u2026,,,,
500,even,today,really,encourage,anything,also,affected.\,,,,,,,,,
501,magenta,beautiful,glory.\n\ntoday,perfect,day,relax,shop,online,,,,,,,,
502,look,i\u2019m,love,\n\nbt2eyewear,amp,light-up,phone,cases\n\nglasses,definitely,bring,new,look,\u2728\nwhile,even,old,phones\u2026
503,ceo,smiling,something,else,,,,,,,,,,,,
504,found,today,dog,,,,,,,,,,,,,
505,today,controlled,drank,one,beer,even,wanted,like,big,progress,stomach\ud83d\ude02,,,,,
506,found,today,dog,,,,,,,,,,,,,
507,guy,printed,work,today,beautiful,thing,ever,seeen,\ud83e\udd2f\ud83e\udd2f\ud83e\udd2f,...,mind,blowing,\/\u2026,,,
508,today\u2019s,soundtrack,music,\n\nhappy,white,day,\ud83d\ude0\ud83d\udc9\/\/t.co\/avgez6jipx,,,,,,,,,
509,remember,blessed,alive,today,breathing,,,,,,,,,,,
510,want,sign,today,\/\/t.co\/7udnc7acbr,see,really,clean,\ud83d\udd25\u2764\ufe0f\u2026,,,,,,,,
511,y\u2019all,pray,ms.,gloria,southern,miss,lost,daughter,today,lady,still,work,wow,,,
512,please,prayer,baby,sister,missing,since,'re,durham,name,sarah,black,pray\u2026,,,,
513,new,steven,tonight,favorite,design,fun,drawing,today,stevenuniverse\u2026,,,,,,,
514,hug,college,baseball,player,today,,,,,,,,,,,
515,\ud83d\ude2d\ud83d\ude2d\ud83d\ude2d,laughing,clown,right,\ud83d\ude2d\ud83d\ude2d\ud83d\ude2d\nlet,add,pain,today,hashtag,wonhoiscleared\nkar\u2026,,,,,,
516,trying,think,silly,thing,today,post,twitter,need,silly,a\u202\/\/t.co\/odhnjbypcv,,,,,,
517,found,today,dog,,,,,,,,,,,,,
518,ancestor,established,benchmark,,,,,,,,,,,,,
519,please,prayer,baby,sister,missing,since,'re,durham,name,sarah,black,pray\u2026,,,,
520,somebody,sent,photo,today,can\u2019t,stop,laughing,\/\/t.co\/axfwe0ifzj,,,,,,,,
521,found,today,dog,,,,,,,,,,,,,
522,\ud83d\udc8b,love,look,\n\nshop,hallie,boot,today,available,black,red\n\n\/\/t.co\/w489ki0kam,\/\/t.co\/tfa8x5xyni,,,,,
523,ojojoj,jest,powa\u017cny,efekt,koronawirusa,nie,,,,,,,,,,
524,met,shri,jyotiraditya,scindia,today,welcome,bjp,joining,help,strengthening,pa\u2026,,,,,
525,love,\u1d57\u1da6\u207f\u02b\u1da0\u02b3\u1d52\u1d4d,,,,,,,,,,,,,,
526,friend,family,tamilnadu,,,,,,,,,,,,,
527,signed,petition,shared,recently,please,keep,sharing,asking,friend,sign,\n\/\/t.co\/\u2026,,,,,
528,somuch,new,music,today,,,,,,,,,,,,
529,love,taylor,much,she\u2019s,hilarious,brilliant,geeky,gorgeous,incredible,photographer,much,m\u2026,,,,
530,daughter,tell,9kids,absent,school,today,alberta,government,doesn\u2019t,shut,schoo\u2026,,,,,
531,thread,world,response,covid201\n\nhello,friend,,,,,,,,,,,
532,zion,williamson,instagram,post,today,love,everything,kid,\/\/t.co\/4vtpr0vk6e,,,,,,,
533,remember,smile,today,even,don\u2019t,feel,like,it\u2019s,good,day,,,,,,
